Term,Frequency
kid,470
game,427
child,413
story,330
book,302
camp,235
school,235
dance,232
butterfly,183
science,157
learn,156
math,152
baby,152
free,151
online,149
moth,148
man,144
education,139
color,136
girl,132
christmas,126
author,123
king,122
activity,109
art,107
boy,105
fun,105
nature,104
award,104
dog,103
summer,100
tale,99
canada,96
mother,94
cat,94
insect,94
day,92
bird,90
animal,90
word,86
jack,86
fairy,85
history,85
environment,85
environmental,84
picture,82
puzzle,81
craft,81
tree,79
rabbit,79
chapter,79
woman,78
peter,78
great,78
peru,77
young,76
bear,75
page,75
red,74
family,74
teacher,74
song,73
world,71
read,69
play,68
clock,68
good,67
princess,66
educational,64
preschool,64
lesson,64
find,64
time,63
horse,63
class,63
home,62
make,61
country,61
black,61
goose,60
adventure,59
english,58
music,58
rhyme,58
garden,58
white,57
number,56
pig,55
resource,55
friend,54
grade,54
golden,53
holiday,53
blue,52
language,52
wind,51
parent,50
people,49
card,48
house,48
ballet,48
food,48
eye,48
program,47
american,47
prince,47
fire,47
news,47
teen,46
party,45
poem,45
elementary,45
tom,45
review,45
printable,45
fox,44
life,44
museum,44
master,44
cock,44
sea,44
studio,44
sing,43
sit,43
recipe,43
snow,42
childrens,42
moon,42
nursery,42
hen,42
hop,41
river,41
robin,41
problem,41
santa,40
web,40
honor,40
travel,40
live,40
castle,39
teach,39
space,39
write,39
john,38
table,38
project,38
ride,38
photo,38
adult,37
pet,37
literature,37
brother,37
spell,37
fraction,37
high,37
give,37
land,37
mouse,37
worksheet,36
fish,36
pussy,36
plant,36
cross,35
alphabet,35
father,35
curriculum,34
lady,34
health,34
crow,34
national,34
site,34
city,34
search,34
blow,34
endanger,33
jim,33
tommy,33
student,33
type,33
esl,33
meet,33
water,33
gray,32
calculator,32
love,32
queen,32
board,32
sport,32
state,32
youth,32
gift,32
north,32
rat,32
print,32
quiz,32
interactive,32
claus,32
idea,31
bye,31
die,31
england,31
money,31
computer,31
poetry,31
ship,31
miss,31
study,31
list,30
farm,30
wise,30
eat,30
vocabulary,30
kindergarten,30
riddle,30
funny,30
earth,30
market,30
magic,30
design,30
buddy,30
image,29
clipart,29
train,29
indian,29
scout,29
town,29
technology,29
shoe,29
ring,28
geography,28
reader,28
rise,28
night,28
giant,28
sleep,28
line,28
bunt,28
system,28
talk,28
farmer,27
war,27
kitten,27
toddler,27
fly,27
video,27
flower,27
milk,26
rid,26
describe,26
joke,26
year,26
japanese,26
gander,26
rain,26
neighbor,26
mathematics,26
homework,26
fact,26
soccer,25
safe,25
multiplication,25
fair,25
thing,25
specie,25
letter,25
tap,25
sister,25
credit,25
dvd,25
winter,25
mary,25
happy,24
piper,24
middle,24
early,24
build,24
poor,24
trailer,24
maid,24
figure,24
ontario,24
workshop,24
kitty,24
map,24
goosey,24
care,23
information,23
draw,23
drink,23
dinosaur,23
forest,23
storybook,23
maze,23
hip,23
bully,23
toy,23
doll,23
continue,23
grand,23
hand,23
skill,23
printables,23
wee,23
lion,22
key,22
shape,22
houyhnhnm,22
peep,22
blind,22
safety,22
america,22
cartoon,22
jazz,22
christian,22
message,22
part,22
animation,22
classroom,22
guide,22
japan,22
hill,22
park,22
jacob,22
fiction,22
natural,21
leaf,21
snail,21
colour,21
exercise,21
gun,21
count,21
question,21
test,21
visit,21
antarctic,21
cow,21
measurement,21
south,21
green,21
work,21
wildlife,20
showtime,20
plan,20
men,20
graphic,20
owl,20
account,20
stress,20
lose,20
academy,20
user,20
voyage,20
synopsis,20
diddle,20
call,20
carry,20
cook,20
pretty,20
pus,20
son,20
alaska,20
west,19
international,19
halloween,19
practice,19
round,19
roman,19
change,19
bed,19
light,19
betty,19
frog,19
apple,19
sad,19
wild,19
duck,19
island,19
ice,18
bee,18
robert,18
johnny,18
heart,18
squirrel,18
library,18
hey,18
shadow,18
bad,18
death,18
native,18
comic,18
village,18
paint,18
turkey,18
twin,18
movie,18
africa,18
culture,18
fall,18
business,18
fat,18
step,18
star,18
childhood,17
uncle,17
strange,17
begin,17
manner,17
entertainment,17
spring,17
bat,17
general,17
clip,17
primary,17
purim,17
planet,17
java,17
place,17
march,17
big,17
pal,17
swan,17
smoke,17
xmas,17
age,17
tail,17
modern,17
feel,17
goat,17
cake,17
volume,17
dumpty,17
canadian,17
calendar,17
sun,17
trouble,16
wolf,16
hair,16
greet,16
luck,16
bug,16
merry,16
dame,16
witch,16
community,16
bunny,16
clever,16
abc,16
pre,16
cricket,16
healthy,16
wood,16
body,16
brain,16
corn,16
boat,16
rich,16
addition,16
weather,16
dragon,16
morning,16
quadrille,16
hear,16
law,16
shop,16
special,16
bible,16
saint,16
twelve,16
leg,16
lad,16
homeschool,16
division,16
han,16
face,16
basket,16
elf,16
caterpillar,16
emperor,16
club,16
poison,16
folk,16
instruction,16
angle,15
break,15
sound,15
elephant,15
memory,15
paper,15
fable,15
fisher,15
converter,15
tailor,15
hare,15
dollar,15
pin,15
birthday,15
reptile,15
jigsaw,15
download,15
pie,15
valentine,15
radio,15
east,15
glass,15
horn,15
wife,15
subtraction,15
font,15
leave,15
experiment,15
short,15
washington,15
mom,15
dad,15
eagle,15
hat,15
touch,15
creative,15
grammar,15
contest,14
accident,14
george,14
show,14
common,14
egg,14
bell,14
court,14
photography,14
clothe,14
field,14
hush,14
measure,14
feather,14
sprat,14
billy,14
article,14
wonderful,14
television,14
sheep,14
control,14
research,14
fight,14
technical,14
run,14
beautiful,14
bobby,14
grey,14
sail,14
chinese,14
mystery,14
france,14
legend,14
belle,14
maiden,14
catch,14
british,14
allergy,13
gold,13
development,13
publish,13
humpty,13
bedtime,13
rock,13
win,13
large,13
trace,13
raven,13
email,13
graph,13
dictionary,13
size,13
sheet,13
nutrition,13
match,13
europe,13
area,13
long,13
engine,13
triangle,13
animate,13
biology,13
solve,13
sweet,13
couple,13
knight,13
public,13
artist,13
algebra,13
host,13
numeral,13
aurora,13
theme,13
crossword,13
software,13
date,13
disease,13
alice,13
dream,12
mountain,12
pesticide,12
sign,12
doodle,12
twist,12
newspaper,12
conversion,12
india,12
digital,12
fiddle,12
ann,12
center,12
physic,12
jingle,12
wing,12
hero,12
muffet,12
swim,12
bringeth,12
wiggily,12
secret,12
foot,12
desert,12
ogre,12
soldier,12
spanish,12
orange,12
conservation,12
service,12
pyramid,12
hunt,12
doth,12
flash,12
woodbine,12
career,12
heritage,12
internet,12
jump,12
geometry,12
bonny,12
easy,12
happen,12
hark,12
dear,12
spider,12
grow,12
ray,12
social,12
lilliput,12
ten,12
london,12
cool,11
factor,11
square,11
dolly,11
aesop,11
jewish,11
yellow,11
turtle,11
circus,11
panda,11
easter,11
brown,11
bag,11
abroad,11
pair,11
zoo,11
astronomy,11
buy,11
data,11
bubble,11
arthur,11
ball,11
slide,11
penny,11
escape,11
puppy,11
wall,11
efl,11
character,11
bow,11
stage,11
climate,11
company,11
jill,11
bring,11
engineer,11
storm,11
deep,11
move,11
matter,11
pumpkin,11
french,11
link,11
dwarf,11
henry,11
nova,11
stick,11
magazine,11
grandmother,11
cry,11
tutorial,11
david,11
back,11
doctor,11
genetic,10
holland,10
mama,10
pony,10
lamb,10
nod,10
daughter,10
esteem,10
slipper,10
tea,10
cup,10
weight,10
waltz,10
donkey,10
polka,10
pop,10
wooden,10
foreign,10
room,10
thumb,10
polly,10
queer,10
candy,10
violet,10
mistress,10
beauty,10
stone,10
snook,10
griggs,10
unite,10
boot,10
set,10
egypt,10
mammal,10
prize,10
pen,10
put,10
element,10
knock,10
capital,10
scale,10
contemporary,10
dunk,10
literary,10
fine,10
road,10
rule,10
pat,10
solar,10
point,10
job,10
beaver,10
decimal,10
snowman,10
historical,10
season,10
sunshine,10
christine,10
description,10
arithmetic,10
patch,10
writer,10
raggedy,10
hollow,10
smile,10
drum,10
canyon,10
ding,10
football,10
metropolis,10
palace,10
cousin,10
arrive,10
ecards,10
car,10
jane,10
peterkin,10
reception,10
viii,10
mar,9
hide,9
laugh,9
material,9
nest,9
china,9
june,9
awareness,9
daycare,9
worry,9
belize,9
staff,9
verse,9
website,9
salt,9
cancer,9
cloud,9
skin,9
spot,9
noah,9
speak,9
november,9
folktale,9
tour,9
russian,9
lincoln,9
flashcard,9
air,9
tall,9
tool,9
band,9
pot,9
whale,9
trot,9
watch,9
side,9
archive,9
arc,9
cold,9
row,9
end,9
greenaway,9
present,9
smith,9
thesaurus,9
hobby,9
century,9
county,9
diet,9
german,9
arcade,9
bottle,9
angel,9
exhibit,9
trade,9
humor,9
aquarium,9
advice,9
medicine,9
disorder,9
discover,9
geographic,9
hotel,9
classic,9
conversation,9
lullaby,9
bread,9
dolphin,9
hampshire,9
iron,9
grasshopper,9
mexico,9
volcano,9
walk,9
hour,9
sunday,9
periodic,9
costume,9
cub,9
college,9
unit,9
medieval,9
doo,9
exploration,9
chat,9
bark,9
architecture,8
rio,8
model,8
rainforest,8
dilly,8
janeiro,8
discovery,8
dark,8
columbus,8
kitchen,8
agriculture,8
act,8
mitten,8
microscope,8
potato,8
florida,8
head,8
hum,8
pattern,8
electron,8
cotton,8
president,8
ocean,8
shell,8
portal,8
breakfast,8
margery,8
cometh,8
net,8
grandma,8
term,8
physical,8
speed,8
global,8
translation,8
loss,8
monarch,8
wash,8
earthquake,8
inhale,8
primer,8
society,8
door,8
tech,8
answer,8
week,8
winkle,8
shore,8
esther,8
musical,8
tutor,8
chemistry,8
fiddler,8
preparation,8
mamma,8
protect,8
nut,8
nimble,8
post,8
mile,8
brook,8
killer,8
wilderness,8
april,8
improvement,8
diller,8
wren,8
jenny,8
drug,8
lock,8
nell,8
plum,8
seed,8
desire,8
sword,8
punky,8
jolly,8
cradle,8
gear,8
equipment,8
lane,8
chemical,8
method,8
cinderella,8
leap,8
sir,8
bookhouse,8
banbury,8
dickory,8
hickety,8
pickety,8
fell,8
drive,8
share,8
kingdom,8
relate,8
willie,8
pressure,8
servant,8
violence,8
joan,8
horner,8
twenty,8
burnie,8
kite,8
mistake,8
return,8
dee,8
lass,8
crook,8
introduction,8
tiger,8
thy,8
group,8
brave,8
calf,8
meadow,8
boston,8
clap,8
log,8
doe,8
gotham,8
vitamin,8
sacradown,8
beard,8
turn,8
receive,8
team,8
penguin,8
punch,8
hecklemann,8
theatre,8
barber,8
bearskin,8
saddle,8
mayor,8
empire,8
festival,8
rag,8
hospital,8
thimblefinger,8
anti,7
aloud,7
colony,7
prime,7
send,7
largest,7
mummy,7
december,7
melody,7
plot,7
inhabitant,7
government,7
designer,7
microscopy,7
syndrome,7
penpal,7
statistic,7
shark,7
fifty,7
subject,7
ecology,7
perform,7
seuss,7
william,7
bbc,7
rocket,7
outdoor,7
current,7
observation,7
circle,7
human,7
attraction,7
scholar,7
monkey,7
universe,7
note,7
fisherman,7
open,7
grimm,7
half,7
pennsylvania,7
energy,7
crop,7
buffalo,7
top,7
proverb,7
candle,7
person,7
tooth,7
tip,7
amphibian,7
hang,7
reference,7
needle,7
los,7
meal,7
window,7
trick,7
coat,7
month,7
mole,7
northern,7
flat,7
silver,7
ruth,7
save,7
birth,7
bone,7
bridge,7
nicholas,7
ark,7
hot,7
certification,7
microsoft,7
centre,7
standard,7
daffy,7
richard,7
therapy,7
grandfather,7
swallow,7
australia,7
fighter,7
progressive,7
blackbird,7
literacy,7
grandpa,7
swing,7
pirate,7
mayan,7
beach,7
sugar,7
dancer,7
teeth,7
maker,7
association,7
tiny,7
photograph,7
puff,7
pan,7
basketball,7
structure,7
tangram,7
template,7
spin,7
guard,7
simple,7
coach,7
skate,7
baseball,7
plate,7
jungle,7
medium,7
ornament,7
nativity,7
explorer,7
baltimore,7
sand,7
audio,7
york,7
nicotine,7
toronto,7
lucy,7
single,7
symmetry,7
twister,7
hurt,7
drop,7
mad,7
disney,7
power,7
nasa,7
abuse,7
marble,7
angry,7
warm,7
percent,7
emotion,7
pilgrim,7
kate,7
dairy,7
calorie,7
alcohol,7
divorce,7
grant,7
illustrator,7
diagram,7
hungry,7
depression,7
teenager,7
diamond,7
postcard,7
local,6
cell,6
corner,6
ladder,6
rover,6
charlotte,6
arizona,6
ear,6
tag,6
howard,6
molly,6
costa,6
scott,6
policy,6
tub,6
dumpling,6
rosy,6
overnight,6
winkie,6
dandelion,6
muskoka,6
comb,6
thou,6
sadness,6
pea,6
wow,6
terrapin,6
porridge,6
dare,6
lee,6
follow,6
lyrical,6
sixpence,6
stop,6
infant,6
portrait,6
aid,6
childcare,6
hubbard,6
asia,6
decide,6
stork,6
foolish,6
central,6
virtual,6
pitcher,6
tucker,6
applet,6
huntsman,6
charley,6
code,6
chair,6
process,6
grind,6
cigarette,6
bush,6
spend,6
pear,6
kettle,6
babylon,6
buff,6
daw,6
redbreast,6
base,6
secondary,6
ink,6
bar,6
frontier,6
piggy,6
roll,6
deer,6
amateur,6
daily,6
wrong,6
leadership,6
barn,6
chick,6
length,6
dorothy,6
fellow,6
rejoice,6
nutrient,6
hansel,6
thief,6
event,6
lucky,6
captain,6
shoot,6
sparrow,6
passage,6
low,6
minuet,6
lancer,6
bay,6
teaser,6
temperature,6
fantasy,6
tourism,6
goblin,6
pediatrics,6
acid,6
serve,6
faithful,6
economic,6
employ,6
ancient,6
dutch,6
reflection,6
yahoo,6
order,6
equal,6
explain,6
chart,6
comprehension,6
massachusetts,6
alive,6
decoration,6
loan,6
leader,6
aunt,6
governor,6
luggnagg,6
pocket,6
laputa,6
truetype,6
blefuscu,6
educate,6
agglomeration,6
typographer,6
typography,6
typo,6
difficulty,6
typeface,6
baskerville,6
crown,6
rescue,6
organism,6
confine,6
unlucky,6
charles,6
san,6
playhouse,6
valley,6
fitness,6
overseas,6
dunce,6
denominator,6
equation,6
louisa,6
jersey,6
britannica,6
priest,6
explore,6
original,6
trip,6
mind,6
professional,6
dry,6
tropical,6
prism,6
cap,6
guinea,6
cole,6
choose,6
mammy,6
keyboarding,6
italian,6
guy,6
sell,6
tesl,6
knowledge,6
rainbow,6
diabetes,6
operation,6
sunbeam,6
texas,6
wed,6
anxiety,6
goeth,6
listen,6
zigzag,6
stranger,6
cream,6
poker,6
weep,6
boggart,6
popcorn,6
nervous,6
atom,6
snip,6
busy,6
dinner,6
bake,6
bill,6
philadelphia,6
hurricane,6
stuff,6
reef,6
diddledy,6
detective,6
contrary,6
drummer,6
theater,6
logic,6
blacksmith,6
judy,6
scotland,6
higher,6
profit,6
dandy,6
ministry,6
curly,6
pudding,6
strawberry,6
blog,6
dress,6
christopher,6
willy,6
tittlemouse,6
famous,6
film,6
scientist,6
northwest,6
hole,6
librarian,6
recital,6
caspar,6
hood,6
volunteer,6
armstrong,6
kill,6
dapple,6
wide,6
taylor,6
greylegs,6
dot,6
robinson,6
bessy,6
oak,6
coordinate,5
bacteria,5
rest,5
distance,5
condition,5
injury,5
seattle,5
file,5
journey,5
october,5
university,5
minneapolis,5
pharaoh,5
pain,5
peace,5
penpals,5
store,5
trust,5
conqueror,5
extra,5
action,5
railroad,5
desktop,5
nose,5
communication,5
protection,5
forty,5
horseback,5
support,5
educator,5
dan,5
protein,5
eleven,5
andy,5
baker,5
andrew,5
polygon,5
toe,5
kangaroo,5
organic,5
lung,5
acorn,5
glacier,5
industry,5
antarctica,5
stem,5
integer,5
metric,5
pregnancy,5
military,5
mirror,5
pink,5
hike,5
fruit,5
california,5
stream,5
index,5
major,5
symbol,5
cheese,5
gorilla,5
calcium,5
meat,5
babe,5
frequency,5
carroll,5
tease,5
worker,5
gallery,5
wake,5
grain,5
private,5
decorate,5
elizabeth,5
bethany,5
addiction,5
mental,5
husband,5
knot,5
carmen,5
daddy,5
miller,5
glad,5
tudor,5
laughter,5
optical,5
sample,5
cbse,5
arbor,5
spy,5
taffy,5
moo,5
proposal,5
skip,5
wit,5
lyric,5
carolina,5
lewis,5
jam,5
handle,5
content,5
finalist,5
breed,5
real,5
origin,5
susan,5
sam,5
lego,5
electronic,5
myth,5
hawaii,5
kodak,5
diwali,5
sow,5
shoemaker,5
francisco,5
magnitude,5
tar,5
rex,5
rica,5
definition,5
constitution,5
tumble,5
hit,5
truth,5
moral,5
scar,5
cabin,5
product,5
fargo,5
ready,5
usa,5
snake,5
plane,5
stomach,5
property,5
cottage,5
progress,5
politics,5
throw,5
hard,5
pinky,5
anger,5
opinion,5
canoe,5
emergency,5
eve,5
traditional,5
kiddy,5
cheap,5
baron,5
harry,5
biological,5
bless,5
sight,5
blood,5
advance,5
civil,5
financial,5
bang,5
survey,5
counsel,5
oregon,5
hundred,5
loud,5
traveler,5
force,5
brush,5
pole,5
walter,5
pinch,5
seek,5
thomas,5
polish,5
invention,5
equivalent,5
gymnastics,5
pointe,5
habit,5
caillou,5
wave,5
toast,5
rosetta,5
prevention,5
clenbuterol,5
wagon,5
connell,5
dragonfly,5
maryland,5
poll,5
hammond,5
biome,5
pacific,5
grief,5
piano,5
registration,5
latin,5
cut,5
prairie,5
phonics,5
bond,5
stand,5
hive,5
avoid,5
antibody,5
essay,5
clause,5
irish,5
kind,5
label,5
sentence,5
iowa,5
algonquin,5
papa,5
chem,5
tefl,5
block,5
norman,5
filter,5
aviation,4
wink,4
sabbath,4
bluebeard,4
lab,4
isotope,4
campfire,4
divide,4
keywords,4
add,4
seize,4
prevent,4
rader,4
michael,4
forward,4
elmo,4
collection,4
notable,4
mission,4
sky,4
mass,4
portuguese,4
coon,4
arrow,4
shirt,4
dub,4
multiple,4
dickery,4
van,4
satellite,4
core,4
pathway,4
grass,4
hoop,4
minx,4
snowflake,4
synagogue,4
patent,4
crusoe,4
hanger,4
carrion,4
official,4
chaser,4
asian,4
thimble,4
glory,4
boldness,4
speech,4
betsy,4
kick,4
bowl,4
dong,4
mutation,4
borealis,4
lazy,4
tower,4
zealand,4
boggen,4
homeschooling,4
tread,4
theodore,4
treat,4
dingty,4
hinx,4
economy,4
pioneer,4
headache,4
intensity,4
lamp,4
biotechnology,4
notation,4
amsterdam,4
solomon,4
pest,4
commend,4
grundy,4
seismology,4
yankee,4
thrive,4
bachelor,4
tin,4
glubbdubdrib,4
bah,4
willywite,4
advantage,4
maldonada,4
capacity,4
expedition,4
enchant,4
drama,4
lagado,4
hall,4
lord,4
tsunami,4
glossary,4
ned,4
object,4
section,4
foster,4
drake,4
bandy,4
merchant,4
multiply,4
newsround,4
balnibarbi,4
virtue,4
solution,4
whoop,4
case,4
fault,4
forget,4
blossom,4
european,4
cuckoo,4
correct,4
mare,4
driddlety,4
dorolot,4
laputians,4
dive,4
curiosity,4
disguise,4
quality,4
ery,4
peanut,4
chief,4
temple,4
distress,4
aladdin,4
cherry,4
divisor,4
climb,4
proper,4
bounce,4
mintery,4
cutery,4
button,4
profile,4
performance,4
acre,4
digit,4
organization,4
nerve,4
sweetest,4
buckle,4
dinkety,4
bobbin,4
jaguar,4
timeline,4
wonderland,4
intery,4
eco,4
positive,4
toad,4
ives,4
shake,4
peer,4
stag,4
orphan,4
pippin,4
glen,4
mulberry,4
bun,4
gas,4
baa,4
bonner,4
bessie,4
tobacco,4
late,4
asleep,4
kristine,4
minute,4
personal,4
dumb,4
flag,4
handkerchief,4
cultural,4
heaven,4
junior,4
teeny,4
crambo,4
double,4
goldilocks,4
fever,4
frank,4
baden,4
mythology,4
strep,4
powell,4
spam,4
report,4
fort,4
sandman,4
victim,4
wynken,4
blynken,4
beast,4
planetary,4
pail,4
lake,4
geology,4
reaction,4
perpetual,4
magpie,4
remember,4
sick,4
quick,4
anne,4
tournament,4
quote,4
balloon,4
past,4
supply,4
getty,4
gem,4
midevil,4
tornado,4
rooster,4
georgie,4
region,4
gobbler,4
hedge,4
tgn,4
butternut,4
immune,4
mine,4
wilt,4
fourth,4
holocaust,4
discontent,4
pollution,4
lsd,4
aliang,4
toothache,4
district,4
milkman,4
tweedle,4
nice,4
shave,4
cooky,4
balance,4
welshman,4
shrewsbury,4
herd,4
flock,4
cocaine,4
tobago,4
pringle,4
cushy,4
boldero,4
possum,4
honesty,4
diddlty,4
ghost,4
handy,4
spandy,4
preface,4
eater,4
mix,4
morey,4
firefighter,4
feature,4
clark,4
saskatchewan,4
muffin,4
etticoat,4
misty,4
moisty,4
fireman,4
demand,4
street,4
shoon,4
shut,4
competitive,4
shovel,4
complete,4
territory,4
scary,4
bonnet,4
medal,4
adidas,4
marigold,4
dock,4
gooset,4
contentment,4
rugrats,4
poppy,4
pigeon,4
locket,4
simulation,4
idle,4
inform,4
heal,4
sum,4
buckskin,4
grace,4
milken,4
wound,4
whincher,4
mineral,4
feast,4
tessellation,4
small,4
wordsearch,4
bank,4
preschooler,4
management,4
outreach,4
autumn,4
skyscraper,4
copperfield,4
kerala,4
juvenile,4
kiss,4
vacation,4
whistle,4
befool,4
deserve,4
root,4
snap,4
cast,4
potter,4
usefulness,4
mail,4
sudden,4
jupiter,4
soluble,4
venus,4
trivia,4
magical,4
true,4
mercury,4
caldecott,4
landry,4
silly,4
caldercott,4
purin,4
engagement,4
mimmy,4
dickens,4
truant,4
record,4
umbrella,4
particle,4
bean,4
robber,4
rootabaga,4
ragbad,4
transcript,4
vol,4
sausage,4
axis,4
snowshoe,4
archaeology,4
confidence,4
institute,4
twinkle,4
tina,4
railway,4
trigonometry,4
gretel,4
divert,4
dead,4
battle,4
range,4
fashion,4
pedlar,4
brer,4
thanksgiving,4
pigling,4
mermaid,4
companion,4
camera,4
shakespeare,4
seaside,4
daniel,4
ratio,4
diary,4
everyday,4
nation,4
rosebud,4
strong,4
grieve,4
ebooks,4
illustrate,4
giraffe,4
mule,4
scientific,4
pup,4
bull,4
monica,4
virus,4
peacock,4
vision,4
tortoise,4
cavity,4
thirteen,4
interest,4
angeles,4
schottische,4
leo,4
brisbane,4
solid,4
conservatory,4
visualization,4
ram,4
god,4
gingerbread,4
custody,4
auto,4
sibling,4
hunter,4
saturn,4
forge,4
cactus,4
don,4
determine,4
disposition,4
minecraft,4
dangerous,4
favor,4
dig,4
windham,4
brazil,4
nobility,4
attend,4
truck,4
cruise,4
civilit,4
ugly,4
corp,4
gooseherd,4
clown,4
provost,4
sundry,4
department,4
blitz,4
gulliver,4
winky,4
squigly,4
zodiac,4
victorian,4
religion,4
grethel,4
drinketh,4
weasel,4
extinction,4
sue,4
counselor,4
mouth,4
pride,4
african,4
editec,4
genetically,4
robotics,4
adjective,4
chuck,4
affair,4
concern,4
amazon,4
principal,4
plow,4
attention,4
rice,4
chipmunk,4
encyclopedia,4
findeth,4
liberty,4
britain,4
royal,4
cozytown,4
houston,4
wicked,4
willow,4
height,4
sanrio,4
hanukkah,4
vegetable,4
narrow,4
gate,4
mark,4
pluto,4
position,4
edit,4
finger,4
bargain,4
knoweth,4
neptune,4
breathe,4
july,4
treasure,4
jimmy,4
skunk,4
katydid,4
viking,4
ski,4
lark,4
wnet,4
upset,4
chicken,3
babs,3
hughes,3
chanukah,3
deal,3
incense,3
church,3
georgia,3
buster,3
scramble,3
koala,3
price,3
voice,3
zoological,3
disability,3
rope,3
antihistamine,3
abraham,3
jon,3
photographer,3
louis,3
variable,3
celt,3
artwork,3
clay,3
indiana,3
trapezoid,3
doc,3
guitar,3
firehouse,3
fast,3
dyslexia,3
karl,3
twilight,3
beam,3
christ,3
tangent,3
kiwanis,3
discussion,3
forum,3
shepherd,3
conference,3
profound,3
fertile,3
painter,3
exoskeleton,3
edward,3
butch,3
bandage,3
samuel,3
spectrum,3
active,3
mississippi,3
preserve,3
minnesota,3
jurassic,3
mischief,3
acute,3
vermont,3
lunch,3
bandcamp,3
astronaut,3
partnership,3
drift,3
shemitz,3
convert,3
cone,3
histamine,3
september,3
soy,3
dust,3
friendly,3
itch,3
visual,3
hamilton,3
garland,3
emotional,3
spray,3
firework,3
haired,3
multimedia,3
shuttlecock,3
fee,3
ruby,3
safari,3
chill,3
missouri,3
pine,3
chime,3
vertex,3
creek,3
plural,3
obtuse,3
imagination,3
shuffle,3
continent,3
glow,3
canterbury,3
perimeter,3
cookie,3
geophysics,3
athlete,3
urban,3
disaster,3
onion,3
tesol,3
archeology,3
goddess,3
concert,3
seismic,3
arabian,3
residential,3
browser,3
uranus,3
neutron,3
formula,3
oven,3
neglect,3
troop,3
sharky,3
skeleton,3
manuscript,3
cure,3
buddha,3
snack,3
celebration,3
gag,3
maya,3
optic,3
exam,3
kindness,3
flagstaff,3
bald,3
prose,3
popular,3
gum,3
spit,3
settler,3
terrorism,3
organize,3
nick,3
branch,3
chew,3
visitor,3
schedule,3
modify,3
confuse,3
excite,3
romantic,3
arabia,3
evolution,3
jones,3
grove,3
catherine,3
tyrannosaurus,3
nancy,3
muscle,3
clydebank,3
harrison,3
growth,3
troll,3
cowboy,3
berry,3
coastal,3
license,3
ben,3
plough,3
frame,3
wisconsin,3
liver,3
hieroglyph,3
polyhedron,3
sibton,3
coast,3
chivalry,3
pantomime,3
benjamin,3
gloucester,3
kit,3
swift,3
punishment,3
cod,3
migration,3
charter,3
text,3
dave,3
crest,3
gang,3
sunny,3
homestead,3
furby,3
classical,3
critical,3
amber,3
paleontology,3
paul,3
wisdom,3
alberta,3
greek,3
landscape,3
colombia,3
andes,3
patrick,3
citrus,3
max,3
ruin,3
bishop,3
quest,3
memorial,3
tape,3
coal,3
edutainment,3
station,3
atlas,3
western,3
construction,3
understand,3
spain,3
fresh,3
extension,3
tennessee,3
push,3
ant,3
wale,3
eek,3
domain,3
php,3
germ,3
dump,3
nesbit,3
allergic,3
bunyan,3
histogram,3
exponent,3
gene,3
medival,3
juice,3
mug,3
tribe,3
android,3
rowley,3
database,3
trail,3
parrot,3
advertise,3
equestrian,3
crayon,3
buzz,3
guelph,3
anna,3
level,3
amniocentesis,3
topic,3
population,3
brotherhood,3
nickelodeon,3
fan,3
whisker,3
outdoors,3
greatest,3
placenta,3
internship,3
gyn,3
caesar,3
honey,3
alcoholic,3
bram,3
stoker,3
achievement,3
yard,3
greenwich,3
neck,3
future,3
origami,3
conrad,3
venture,3
wizard,3
fluid,3
pollinator,3
conquer,3
whip,3
mlk,3
thousand,3
fifteen,3
nina,3
mumbai,3
diaper,3
compound,3
perfect,3
enemy,3
discharge,3
demonstration,3
sensation,3
andersen,3
hay,3
hardy,3
skit,3
sunset,3
rate,3
lou,3
symptom,3
steam,3
zoology,3
dino,3
philip,3
sleepy,3
carter,3
baba,3
historic,3
quotation,3
session,3
revolution,3
headline,3
asthma,3
longfellow,3
raise,3
gastrulation,3
somite,3
perception,3
cognition,3
neurobiology,3
neurology,3
hamburger,3
glia,3
cord,3
spinal,3
neurolation,3
severe,3
shock,3
neuroscience,3
galileo,3
hummingbird,3
race,3
palm,3
cape,3
hirsch,3
opposite,3
pack,3
press,3
tongue,3
restaurant,3
geo,3
pick,3
navigation,3
strip,3
gov,3
inch,3
reform,3
poisonous,3
robot,3
ottawa,3
noble,3
carbohydrate,3
hindu,3
napoleon,3
stay,3
compass,3
phenomenon,3
philosophy,3
brownie,3
rental,3
employment,3
syndicate,3
pay,3
offer,3
cyberchase,3
sex,3
swell,3
chrysalis,3
dimension,3
title,3
jew,3
background,3
harvest,3
effect,3
mask,3
attic,3
sustainable,3
treason,3
bulb,3
australian,3
appearance,3
strategy,3
adventurer,3
belinda,3
relieve,3
feed,3
tim,3
montgomery,3
lonely,3
threaten,3
rotation,3
negative,3
excellence,3
invitation,3
minister,3
administration,3
parallel,3
sense,3
identity,3
abacus,3
arab,3
bore,3
arm,3
falcon,3
tunnel,3
comet,3
monday,3
surface,3
celebrity,3
parasite,3
planner,3
box,3
newburyport,3
episode,3
summary,3
scavenger,3
alphabetical,3
binary,3
mig,3
flight,3
kuiper,3
belt,3
laboratory,3
wetland,3
score,3
zygote,3
judaism,3
fundraise,3
clinic,3
brooklyn,3
pronunciation,3
legal,3
colorado,3
movement,3
moscow,3
genealogy,3
auditory,3
keyboard,3
upstream,3
marshmallow,3
competition,3
highland,3
teddy,3
botany,3
dci,3
poe,3
allan,3
edgar,3
etiquette,3
apps,3
nanny,3
venturer,3
psychologist,3
variety,3
indie,3
victoria,3
puberty,3
humorous,3
williams,3
view,3
helen,3
infection,3
growler,3
prayer,3
parkway,3
motion,3
megillah,3
wheat,3
boson,3
javascript,3
manga,3
saxon,3
universal,3
carta,3
psychology,3
neat,3
reindeer,3
stair,3
imperial,3
higgs,3
joseph,3
nightmare,3
zone,3
fetal,3
heat,3
patricia,3
ion,3
entertain,3
throat,3
carol,3
diversity,3
catcher,3
papier,3
deaf,3
impairment,3
separate,3
illustration,3
impossible,3
cavern,2
diagnosis,2
homerow,2
gamification,2
segment,2
jet,2
katzen,2
badge,2
linear,2
bend,2
lepidoptera,2
accelerator,2
alcott,2
tolstoy,2
drub,2
detector,2
instrument,2
purse,2
argentina,2
nemo,2
equality,2
fewing,2
embarazo,2
hiv,2
excavate,2
rarest,2
storytelling,2
director,2
pond,2
adam,2
grassland,2
sonic,2
equilateral,2
barrier,2
rhombus,2
franklin,2
nutcracker,2
hinduism,2
buddhism,2
directory,2
bronzeville,2
trimestre,2
isosceles,2
vomit,2
cybersecurity,2
pooh,2
minimum,2
winnie,2
tomb,2
scalene,2
mode,2
marl,2
multi,2
millennium,2
cubeez,2
vanish,2
mannikin,2
production,2
propulsion,2
modding,2
marriage,2
clownie,2
realaudio,2
taketh,2
player,2
dam,2
flip,2
relaxation,2
savage,2
gram,2
woodcutter,2
runnymede,2
galaxy,2
rectangle,2
hadron,2
cosmos,2
publisher,2
patrimoine,2
nervosa,2
evaluation,2
baton,2
collider,2
jpl,2
avery,2
scoubidou,2
prompt,2
oxygen,2
deficiency,2
theorem,2
clydeside,2
assignment,2
cosmic,2
tonawanda,2
revision,2
firefly,2
joy,2
alarm,2
anglo,2
info,2
remainder,2
julius,2
coin,2
february,2
soviet,2
interior,2
january,2
infinite,2
narrative,2
genre,2
quotient,2
arabic,2
behavioral,2
anxious,2
grateful,2
bugle,2
playeth,2
ken,2
saurus,2
spirit,2
craig,2
suicide,2
heft,2
rowland,2
supernova,2
childe,2
august,2
gam,2
minnesotatornado,2
albert,2
trigonometric,2
webquest,2
kelley,2
egyptology,2
cabinet,2
sphere,2
freedom,2
implantation,2
calculus,2
russia,2
lawn,2
quantitative,2
sine,2
undergraduate,2
minnesotatornadoes,2
creation,2
funeral,2
dakota,2
bulldog,2
calculate,2
storytime,2
hcf,2
probability,2
mushroom,2
tally,2
carolinatornadoes,2
powder,2
quadratic,2
mike,2
dakotatornadoes,2
pregnant,2
straight,2
cremation,2
epilepsy,2
cemetery,2
hypotenuse,2
hordak,2
cough,2
comedic,2
reciprocal,2
shelf,2
bomb,2
saliva,2
ovulation,2
prenatal,2
virginia,2
repeat,2
perpendicular,2
tellusatale,2
catalogue,2
quadrilateral,2
urine,2
scatter,2
radius,2
grayskull,2
sector,2
monitor,2
machine,2
shrub,2
median,2
atlantic,2
transversal,2
prachi,2
tractor,2
bengal,2
cute,2
aye,2
conception,2
rectangular,2
hamster,2
friendship,2
stretch,2
reduce,2
illusion,2
playroom,2
orca,2
rhino,2
youngster,2
skeletor,2
builder,2
biggest,2
kidoons,2
perl,2
civilization,2
rotational,2
mastromedia,2
org,2
vertical,2
fossil,2
location,2
grossesse,2
portfolio,2
lantern,2
eastern,2
rom,2
magna,2
burn,2
oblique,2
cottoncandy,2
sunrise,2
dora,2
circumference,2
toymaker,2
sale,2
seasky,2
foundation,2
ecosystem,2
facility,2
scan,2
alabama,2
illness,2
sweat,2
childbirth,2
tut,2
treatment,2
adopt,2
misspell,2
banana,2
triangular,2
generator,2
evansville,2
portsmouth,2
golf,2
stratos,2
transformation,2
sightsee,2
horsemanship,2
pixel,2
dimensional,2
zodac,2
avatar,2
podcast,2
venn,2
hormone,2
cervix,2
urdu,2
express,2
percentage,2
luna,2
anime,2
northeast,2
hydroponics,2
dakotatornado,2
waterskiing,2
mathematical,2
query,2
diameter,2
papel,2
beanie,2
luther,2
gerbil,2
crazy,2
martin,2
documentary,2
vintage,2
nectar,2
badger,2
scooter,2
terrier,2
pura,2
privacy,2
comstock,2
scot,2
perspective,2
privateer,2
belpre,2
rymes,2
copy,2
retriever,2
rhimes,2
schooner,2
clipper,2
mathematic,2
huck,2
multicultural,2
application,2
psychiatrist,2
haliburton,2
jamboree,2
recycle,2
pictus,2
eva,2
quebec,2
lowercase,2
outstanding,2
orbis,2
item,2
connecticut,2
blu,2
illinois,2
vod,2
ultraviolet,2
collectible,2
manitoba,2
bary,2
zolotow,2
canvas,2
wellness,2
coretta,2
extinguisher,2
cooper,2
phoenix,2
therapist,2
wrightson,2
typhoon,2
transparence,2
survival,2
africana,2
industrial,2
etext,2
sylvia,2
teenage,2
affordable,2
lightning,2
azeez,2
police,2
mideval,2
mediaeval,2
feudal,2
siege,2
spiritual,2
sibert,2
informational,2
fcoj,2
spore,2
notebook,2
sixth,2
puddle,2
devil,2
yukon,2
woodson,2
belief,2
nunavut,2
cookbook,2
pass,2
cop,2
worm,2
camouflage,2
cope,2
inca,2
brevard,2
cbi,2
cuzco,2
commission,2
fund,2
feathery,2
cabbage,2
mud,2
pownall,2
newfoundland,2
anthropology,2
horace,2
soil,2
ebook,2
mann,2
burgess,2
thornton,2
theory,2
shuttle,2
futurekids,2
sterling,2
tradition,2
remote,2
backwards,2
autism,2
bennett,2
athens,2
chicago,2
gilwell,2
maternity,2
hopkins,2
cooke,2
elibrary,2
township,2
wreath,2
clinton,2
transit,2
ell,2
isometric,2
alert,2
indigenous,2
manda,2
scotia,2
brunswick,2
sore,2
backpack,2
beatty,2
wear,2
hallow,2
addams,2
sneeze,2
rapid,2
upstanders,2
rhythm,2
sculpture,2
gryphon,2
fur,2
pei,2
peckville,2
kris,2
scoutrees,2
cater,2
lifestyle,2
megillat,2
playground,2
newbery,2
electromagnetic,2
ipad,2
flora,2
marilyn,2
pic,2
scooby,2
fawkes,2
shortlist,2
turner,2
hudson,2
ethel,2
trainer,2
toon,2
authority,2
fewell,2
welsh,2
torah,2
wheeze,2
pollen,2
activites,2
allergen,2
clan,2
important,2
sticky,2
volcanology,2
senior,2
utah,2
mildred,2
vaccine,2
batchelder,2
brian,2
tube,2
limit,2
limerick,2
gif,2
printz,2
maize,2
greenhouse,2
automaton,2
expression,2
agricultural,2
commutative,2
shelton,2
vase,2
asteroid,2
dividend,2
due,2
complementary,2
wand,2
transportation,2
pipe,2
ballerina,2
stevens,2
moines,2
abstract,2
click,2
kong,2
hong,2
budget,2
weapon,2
mississauga,2
oakville,2
anthony,2
bookmark,2
seismologist,2
analytical,2
subduction,2
tectonics,2
raptor,2
certify,2
triceratops,2
script,2
quake,2
nile,2
sismologico,2
sismologia,2
encyclopaedia,2
gps,2
wwii,2
centimetre,2
interval,2
gta,2
curve,2
fullerton,2
lars,2
basic,2
kinder,2
decay,2
looney,2
dentist,2
degree,2
israel,2
tune,2
happiness,2
difference,2
numerator,2
transgenic,2
contact,2
knopen,2
jewfaq,2
recognition,2
mckimson,2
funtime,2
gmo,2
ballroom,2
schoolers,2
partyware,2
toothpaste,2
wallpaper,2
floss,2
plaque,2
biowar,2
principle,2
duster,2
grandparent,2
cubic,2
brookfield,2
metre,2
insulin,2
pro,2
estate,2
sod,2
drill,2
classify,2
fred,2
cha,2
caries,2
polar,2
dental,2
enamel,2
seismograph,2
seismogram,2
spur,2
allen,2
geisel,2
mathers,2
amy,2
kindgergarten,2
pupa,2
settlement,2
mixture,2
bpsac,2
liquid,2
speirs,2
prek,2
enzyme,2
subtract,2
biochemistry,2
gre,2
gmat,2
montana,2
premath,2
transport,2
transfer,2
idaho,2
volcanic,2
squat,2
thunderlizards,2
globe,2
zelinsky,2
ketchikan,2
assessment,2
assistance,2
chase,2
sydney,2
stonewall,2
spooky,2
mathlet,2
manipulative,2
yakutat,2
creepy,2
fairbanks,2
issue,2
display,2
roost,2
neal,2
terrible,2
talented,2
overwinter,2
seismicity,2
addend,2
epicenter,2
nonfiction,2
forecast,2
foreshock,2
seasonal,2
altitude,2
lawrence,2
minus,2
clockwise,2
geologist,2
thuggo,2
hazard,2
array,2
hypocenter,2
antique,2
advisory,2
mercalli,2
watermelon,2
congruent,2
richter,2
eruption,2
yalsa,2
aftershock,2
danau,2
milkweed,2
dynamic,2
screensavers,2
cookery,2
dean,2
squishy,2
yoga,2
larva,2
elk,2
instar,2
bahamas,2
myers,2
nederland,2
wanda,2
syvum,2
chris,2
plexippus,2
fold,2
selection,2
obesity,2
blixie,2
lend,2
largely,2
hate,2
suppress,2
insurrection,2
convey,2
adjoin,2
hospitably,2
permit,2
professor,2
fear,2
propose,2
honorably,2
admittance,2
lenity,2
luggnaggians,2
struldbrugs,2
eminent,2
disquietude,2
arrival,2
fetch,2
contrivance,2
dispute,2
majesty,2
apartment,2
provide,2
quarrel,2
execution,2
criminal,2
inquire,2
dutchman,2
journal,2
thereon,2
reject,2
ignorance,2
imperfect,2
glubbdubrib,2
malice,2
conspire,2
ashore,2
unknown,2
veracity,2
swoon,2
submit,2
contrive,2
finish,2
greensboro,2
settle,2
civility,2
censure,2
sort,2
swerve,2
clear,2
sinister,2
objection,2
transition,2
justify,2
proposeth,2
depart,2
notice,2
converse,2
defectiveness,2
conduct,2
studious,2
assist,2
notion,2
falsehood,2
discourse,2
disapprove,2
command,2
continuation,2
comparison,2
network,2
sssembly,2
debate,2
assembly,2
burial,2
confident,2
pad,2
divali,2
pool,2
reward,2
fumbo,2
mischievous,2
prophet,2
confess,2
urtha,2
transform,2
petits,2
poso,2
enfans,2
phrase,2
cereal,2
greta,2
changeling,2
lazybones,2
rapunzel,2
tatter,2
isa,2
brobdingnag,2
gallant,2
rod,2
changeable,2
bently,2
bennington,2
goldenrod,2
unpatriotic,2
tame,2
recruit,2
poultry,2
goop,2
grammatic,2
grampa,2
rainy,2
baffle,2
bandit,2
stairway,2
thrush,2
birdie,2
knowall,2
extraordinary,2
mild,2
pistol,2
uncommon,2
diversion,2
mildendo,2
secretary,2
fracture,2
stratagem,2
wander,2
invasion,2
confer,2
ambassador,2
custom,2
vindication,2
accuse,2
teammate,2
gain,2
appoint,2
confinement,2
prisoner,2
odds,2
myplate,2
knapsack,2
softball,2
grunty,2
grunt,2
smiley,2
indoors,2
howells,2
biographical,2
racquet,2
magnetosphere,2
hockey,2
inducement,2
shipwreck,2
concludeth,2
roar,2
fright,2
cobweb,2
gustava,2
tabby,2
posy,2
squash,2
frost,2
destin,2
walton,2
mannie,2
wouldn,2
coo,2
purple,2
whiskey,2
frisky,2
mediterranean,2
oil,2
shingebiss,2
jay,2
manger,2
countenance,2
ymca,2
nag,2
jovial,2
farthing,2
shower,2
rudolph,2
comma,2
grandmamma,2
precocious,2
shellover,2
cluck,2
lap,2
crab,2
ole,2
luk,2
oie,2
milkmaid,2
injun,2
hallowe,2
oeyvind,2
prohibition,2
haji,2
abdu,2
yezdi,2
seal,2
crustacean,2
tirza,2
tagg,2
jinglers,2
marit,2
battledore,2
trencher,2
jenkins,2
tiddler,2
scotch,2
lemon,2
angler,2
kasidah,2
yezd,2
abd,2
dah,2
moses,2
psalm,2
praise,2
apron,2
briar,2
rosebush,2
dormouse,2
jackanapes,2
beanstalk,2
jumper,2
jeanne,2
duan,2
julchen,2
jumbo,2
kala,2
addictive,2
daffodil,2
duke,2
cost,2
rogue,2
disturb,2
operator,2
occiput,2
brutus,2
mortify,2
behold,2
drudgery,2
poplar,2
lade,2
imitate,2
gait,2
gesture,2
cranny,2
till,2
humbo,2
loadstone,2
apollo,2
plainly,2
hubble,2
colossus,2
utmost,2
circumspection,2
straggler,2
vinson,2
telescope,2
patience,2
graze,2
horrible,2
attack,2
fill,2
liquor,2
examine,2
dispatch,2
gale,2
mumbo,2
jackson,2
gay,2
creature,2
harrow,2
guess,2
hippety,2
jog,2
orchard,2
magnet,2
boggin,2
atmosphere,2
vaganova,2
hector,2
protector,2
gravity,2
religious,2
toss,2
housetop,2
simon,2
belvedere,2
razmoket,2
razmokets,2
rockaby,2
heidi,2
juggins,2
heroine,2
hillside,2
widow,2
humour,2
columbia,2
picnic,2
horkey,2
freckle,2
anonymous,2
sacaradown,2
domesday,2
doomsday,2
lil,2
farrell,2
darkey,2
stool,2
frankie,2
vain,2
trek,2
cairo,2
sedgwick,2
giza,2
caller,2
sphinx,2
herbert,2
cochlear,2
schoolgirl,2
annie,2
pansie,2
dally,2
tinnitus,2
deafness,2
challenge,2
otolaryngologist,2
implant,2
coronation,2
ling,2
trump,2
hasty,2
wasty,2
gandhi,2
crib,2
switzerland,2
pillow,2
respect,2
otolaryngology,2
showery,2
turk,2
afternoon,2
canter,2
grandpapa,2
bambi,2
bashful,2
eczema,2
legume,2
chickabiddy,2
vagabond,2
precious,2
supper,2
chimney,2
milly,2
academic,2
storyland,2
outwit,2
bremen,2
mast,2
hanoi,2
cushiony,2
madame,2
mink,2
bob,2
autosomal,2
musquash,2
jumpity,2
lover,2
moment,2
comfort,2
jimmie,2
ingredient,2
palette,2
epinephrine,2
hatch,2
greedy,2
anaphylaxis,2
beppo,2
berkeley,2
paddington,2
miranda,2
bitty,2
bobbie,2
dreamsicles,2
bairn,2
destination,2
conquest,2
mack,2
exclamation,2
contrast,2
gita,2
unexpected,2
uncomfortable,2
unique,2
multilingual,2
imissmydad,2
nicolas,2
hangman,2
adverb,2
verb,2
noun,2
bicycle,2
abdul,2
funbrain,2
mocker,2
anagram,2
treehousetv,2
intolerance,2
contradiction,2
lunar,2
concentration,2
bayeux,2
implication,2
mortimer,2
karen,2
jesus,2
salsa,2
treehouse,2
unorthodox,2
ladybug,2
hypothesis,2
fit,2
custer,2
select,2
emily,2
sonny,2
fluffytail,2
teenie,2
stamp,2
blanket,2
shove,2
dissatisfy,2
poultice,2
gown,2
titan,2
gardener,2
sash,2
weenie,2
joyful,2
roller,2
ditto,2
nan,2
invader,2
marjorie,2
behave,2
frighten,2
stereotype,2
jap,2
barbie,2
avonturen,2
klienen,2
piet,2
spellaroo,2
decoupage,2
appleton,2
europa,2
delight,2
rip,2
democracy,2
pocahontas,2
putnam,2
pokemon,2
babyland,2
spongebob,2
piece,2
grimalkin,2
borrow,2
inhalant,2
davy,2
denslow,2
gilpin,2
dimpledees,2
seashore,2
dotzie,2
dancey,2
eddie,2
glue,2
editha,2
burglar,2
elegy,2
enchantment,2
eneas,2
africanus,2
eugene,2
pavane,2
cotillion,2
dish,2
reel,2
saratoga,2
coledonians,2
caledonians,2
cally,2
parisan,2
contra,2
virgina,2
tempete,2
racket,2
sicilian,2
illegal,2
galop,2
berlin,2
heel,2
yorke,2
caprice,2
behaviour,2
compulsive,2
snuffbox,2
jaipur,2
playday,2
yummy,2
inquisitive,2
deepavali,2
naughty,2
backwater,2
mysore,2
fatty,2
shelter,2
beg,2
tricky,2
bombay,2
mousie,2
skinny,2
crumple,2
sly,2
yukky,2
booby,2
cage,2
carpet,2
period,2
ali,2
caliph,2
werwolf,2
brewer,2
broadman,2
sharp,2
blockhead,2
suitor,2
commercial,2
feindlichen,2
nachebarn,2
popups,2
nibble,2
floral,2
jig,2
sociable,2
cheat,2
huntington,2
wigwam,2
alison,2
cunningham,2
remarry,2
windy,2
duty,2
counterpane,2
loneliness,2
lamplighter,2
carriage,2
auntie,2
skirt,2
caribbean,2
spacecraft,2
keepsake,2
mill,2
pip,2
visitation,2
nic,2
series,2
groan,2
silverstein,2
shel,2
politeness,2
bellow,2
missus,2
chickies,2
trotty,2
veck,2
meg,2
dombey,2
runaway,2
thalassemia,2
kenwigs,2
dorrit,2
travelsv,2
firearm,2
additional,2
cupid,2
comical,2
stomachache,2
muscular,2
spotty,2
speckly,2
croak,2
disappoint,2
caper,2
hayloft,2
daisy,2
dingle,2
halt,2
salute,2
improve,2
plain,2
thin,2
danger,2
coco,2
conclusion,2
enfants,2
farewell,2
bullet,2
port,2
propret,2
est,2
politesse,2
devoir,2
convenance,2
maison,2
bonne,2
tenue,2
promenade,2
visite,2
courtoisie,2
entre,2
scandal,2
prodigious,2
repentance,2
peppermint,2
playmate,2
cady,2
sammy,2
pied,2
hamelin,2
pinocchio,2
playtime,2
pleasant,2
nevermindwhere,2
province,2
illustr,2
illustrees,2
pumkin,2
clover,2
blinkie,2
boaster,2
atomic,2
martian,2
steward,2
legged,2
reach,2
disappointment,2
innocent,2
lanb,2
motley,2
awhile,2
stony,2
path,2
herr,2
gretchen,2
happily,2
manikin,2
patient,2
gentleman,2
heckleman,2
mally,2
departure,2
roadside,2
cockoo,2
unruly,2
bimbo,2
enjoy,2
toboggan,2
gimme,2
bimber,2
jason,2
squiff,2
habakuk,2
cash,2
doom,2
exhibition,2
doorway,2
procession,2
broom,2
ash,2
snoo,2
foo,2
jug,2
molasses,2
baboon,2
accordion,2
raccoon,2
rusty,2
quark,2
zephyr,2
dwarfies,2
loyalty,2
goodness,2
friendliness,2
pebble,2
ramble,2
randolph,2
proton,2
woo,2
reddy,2
rejuvenation,2
nuclear,2
kindly,2
rinkitink,2
bib,2
linden,2
overconfidence,2
blindness,2
felton,2
bunnykins,2
dobbin,2
favorite,2
nannette,2
neatness,2
nellie,2
nixie,2
traveller,2
maxim,2
naught,2
tow,2
roly,2
olga,2
norway,2
syllable,2
opera,2
samson,2
cheerful,2
dick,2
profession,2
cripple,2
tiddle,2
liddle,2
lightum,2
dunstan,2
leeds,2
cobbler,2
clowting,2
ree,2
elsbeth,2
bicester,2
fir,2
seive,2
oatmeal,2
jigimijoli,2
frenchman,2
nobby,2
char,2
delilah,2
rheingold,2
tannhauser,2
tosca,2
pansy,2
blade,2
pelle,2
suit,2
pepper,2
frustrate,2
skillful,2
fortune,2
venturesome,2
superficial,2
manage,2
gossip,2
earnest,2
fancy,2
scream,2
clump,2
rajah,2
pania,2
surpise,2
paddy,2
rigoletto,2
hamlet,2
thai,2
lohengrin,2
traviata,2
walkure,2
tristan,2
isolda,2
pelleas,2
parody,2
melisande,2
otto,2
susy,2
peggy,2
botanist,2
wail,2
youngest,2
ambition,2
shaghorn,2
gloster,2
duckling,2
afloat,2
rug,2
sled,2
squirt,2
unselfish,2
launfal,2
tony,2
wilhelmina,2
lollypop,2
hildegarde,2
simpleton,2
reed,2
slayeth,2
swineherd,2
showeth,2
polynomial,2
bracelet,2
jacket,2
chubbins,2
neighbour,2
toddle,2
melilot,2
fog,2
goliath,2
rhodopis,2
gild,2
sandal,2
phaeton,2
gigi,2
comumbine,2
playfellow,2
waterfall,2
thirst,2
cataract,2
lodore,2
tudur,2
einion,2
renowned,2
fury,2
morn,2
hagglyhoagly,2
bid,2
sack,2
spite,2
pit,2
caress,2
trumpet,2
crony,2
marvel,2
silverbell,2
dwell,2
hldegarde,2
thrice,2
adjudge,2
highway,2
deserveth,2
cunning,2
landlord,2
telleth,2
councilor,2
smash,2
softly,2
finest,2
remain,2
longer,2
regain,2
curious,2
chord,2
flax,2
steal,2
inn,2
full,2
beareth,2
longlegs,2
sweep,2
snooze,2
brightness,2
fare,2
crock,2
spread,2
spear,2
afar,2
yehl,2
champion,2
dipper,2
auriga,2
wagoner,2
tauras,2
orion,2
gemini,2
canis,2
herdsman,2
corona,2
lyra,2
lyre,2
cygnus,2
scorpio,2
sagittarius,2
archer,2
pegasus,2
aries,2
springtide,2
snowy,2
quai,2
storries,2
flongboos,2
rubaiyat,2
fate,2
spark,2
monster,2
tearful,2
hilda,2
disorderly,2
dinah,2
lily,2
worst,2
scarlet,2
behavior,2
ska,2
denge,2
revenge,2
snappy,2
cassiopeia,2
agnes,2
sabot,2
saucy,2
assemble,2
fay,2
fairyfoot,2
pert,2
marvelous,2
rourke,2
sarah,2
everglades,2
jarley,2
wax,2
comrade,2
proud,2
tragic,2
aruman,2
malayan,2
nicaragua,2
hai,2
edition,2
graham,2
tattine,2
ferdinand,2
launcelot,2
lancelot,2
stubbington,2
manor,2
sunbonnet,2
farmyard,2
swanee,2
flopsy,2
crescent,2
henrietta,2
jeremy,2
tiggy,2
blandthe,2
nutkin,2
timmy,2
tiptoe,2
bumpkin,2
defense,2
carabas,2
stalk,2
seminole,2
waist,2
hub,2
dickety,2
drusilla,2
zickety,2
wait,2
marry,2
dawson,2
jemmy,2
miki,2
dilver,2
pardon,2
wond,2
chickamy,2
shoeblack,2
underground,2
crany,2
dicky,2
bright,2
barnaby,2
diddlety,2
dusty,2
trespasser,2
tickle,2
quaker,2
dodgson,2
kerthump,2
prety,2
ivory,2
strife,2
danny,2
lame,2
und,2
cleopatra,2
moritz,2
ahd,2
poppety,2
foundling,2
bewitch,2
artistic,2
magog,2
confidential,2
resume,2
keen,2
whipper,2
mcguffey,2
snaul,2
cob,2
eclectic,2
liv,2
gog,2
metropolitan,2
guilhall,2
rous,2
micco,2
elsie,2
alley,2
moppet,2
omnibus,2
barnes,2
kiwi,2
blueberry,2
thigh,2
dillar,2
dob,2
slambang,2
hawk,2
eliza,2
prat,2
butter,2
sweetheart,2
dum,2
marley,2
covert,2
westminister,2
pizza,2
turnip,2
pitty,2
wondrous,2
patty,2
shear,2
manatee,2
powley,2
faustus,2
mattel,2
storyteller,2
mollie,2
peorgie,2
sulky,2
tart,2
paw,2
fairytale,2
plunge,2
lift,2
knee,2
whaskum,2
argue,2
whiskum,2
granny,2
wag,2
grim,2
dover,2
jacky,2
suppose,2
saturday,2
slay,2
latch,2
sallie,2
tuffet,2
tit,2
charity,2
gravel,2
slam,2
abby,2
heiskell,2
string,2
harvard,2
regulation,2
consequence,2
shaftoe,2
ale,2
pointer,2
tippytoe,2
barley,2
spinner,2
jelf,2
gratz,2
weeny,2
shout,2
heigho,2
sans,2
dinkey,2
merci,2
katie,2
wain,2
kidnap,2
kintu,2
congo,2
kling,2
loraine,2
jury,2
duel,2
judge,2
schoolmistress,2
prepare,2
straw,2
clod,2
zan,2
ziccary,2
soap,2
quoth,2
buz,2
dhoo,2
curr,2
unicorn,2
jan,2
surrey,2
lace,2
sprint,2
mcshuttle,2
krinken,2
pittypat,2
coffee,2
bumpville,2
punchinello,2
klang,2
buttercup,2
grocery,2
coventry,2
gloria,2
curd,2
lowther,2
grail,2
sweeper,2
rickety,2
brett,2
quasha,2
churn,2
dustman,2
bunnie,2
damsel,2
bunniekin,2
chestnut,2
codfish,2
nighingale,2
eared,2
cabot,2
marquis,2
polt,2
lie,2
ganderfeather,2
clothespin,2
whey,2
maori,2
dearie,2
rhode,1
weedkiller,1
impatient,1
telesto,1
mess,1
pate,1
leatherback,1
tangerine,1
bremec,1
delaware,1
tethys,1
defoe,1
chopin,1
umbriel,1
helix,1
rhea,1
extinct,1
titania,1
hodgson,1
effort,1
ocelot,1
cordelia,1
desdemona,1
deoxyribonucleic,1
unpredictable,1
cherie,1
darwin,1
animle,1
despina,1
damage,1
meles,1
ariel,1
maine,1
fenimore,1
cressida,1
asiatic,1
childers,1
photoblog,1
southwest,1
ophelia,1
bianca,1
rare,1
soybean,1
portia,1
habitat,1
brock,1
sumatran,1
worldwide,1
glenn,1
substantially,1
miguel,1
puck,1
oberon,1
erskine,1
ohio,1
stealth,1
resistant,1
bawson,1
worf,1
rosalind,1
splice,1
powerful,1
coleridge,1
cervantes,1
juliet,1
secrecy,1
louisiana,1
prometheus,1
geographos,1
teela,1
jovian,1
trapjaw,1
galilean,1
adrastea,1
orko,1
lynn,1
amalthea,1
evil,1
swamp,1
alligator,1
ananke,1
albino,1
callisto,1
dart,1
jelly,1
cete,1
enrichment,1
wishlist,1
latest,1
sett,1
carme,1
disk,1
elara,1
veterinary,1
bath,1
parental,1
supervise,1
breeder,1
mathilde,1
gringer,1
michigan,1
haryp,1
aspergers,1
immunodeficiency,1
phobos,1
acquire,1
gaspra,1
ida,1
dactyl,1
toutatis,1
castalia,1
syvumbook,1
keldor,1
eternia,1
randor,1
mer,1
merman,1
musclor,1
univers,1
madagascar,1
maitres,1
belgi,1
belgium,1
sobriquet,1
panini,1
greyskull,1
expert,1
recommend,1
vesta,1
purchase,1
panthor,1
predator,1
vaccination,1
faq,1
boar,1
francis,1
arkansas,1
consumer,1
calypso,1
dione,1
baum,1
enceladus,1
blake,1
bronte,1
oeyc,1
epimetheus,1
aquatic,1
mcquesten,1
kentucky,1
sanford,1
burnett,1
helene,1
hyperion,1
lifeguard,1
iapetus,1
eurasian,1
janus,1
mimas,1
pandora,1
fws,1
badgerland,1
iucn,1
phoebe,1
crispr,1
bacon,1
nebraska,1
elcc,1
readable,1
carnivore,1
groom,1
mustelid,1
entrepreneurship,1
nevada,1
wyoming,1
ganymede,1
monk,1
himalia,1
exotics,1
veterinarian,1
underrepresented,1
intellectual,1
etexts,1
adp,1
leda,1
anderson,1
sherwood,1
lysithea,1
espanol,1
kidshealth,1
oklahoma,1
austen,1
metis,1
pasiphae,1
sinope,1
thebe,1
kansa,1
dna,1
koran,1
chromosome,1
roundtable,1
illinoistornado,1
georgiatornado,1
disastertornado,1
deathstornado,1
arkansastornado,1
rumba,1
alleytornado,1
pilate,1
sutra,1
alabamatornado,1
channelfloodingtornado,1
brainteasers,1
wordplay,1
edmond,1
sewell,1
indianatornado,1
scoutmaster,1
scouter,1
shelley,1
merit,1
wollstonecraft,1
baloo,1
spyri,1
advisor,1
cubmaster,1
johanna,1
cbest,1
handbook,1
crew,1
stevenson,1
rostand,1
iowatornado,1
riera,1
loft,1
victor,1
alabamatornadoes,1
jerome,1
wisconsintornadoes,1
texastornado,1
kingsley,1
haney,1
leroux,1
safetytornado,1
zumba,1
gaston,1
oklahomatornado,1
ohiotornado,1
sealions,1
nivosus,1
kansastornado,1
carolinatornado,1
nebraskatornado,1
hugh,1
steller,1
montanatornado,1
migrate,1
maud,1
missouritornado,1
missisippitornado,1
moorhead,1
louisianatornado,1
kentuckytornado,1
omar,1
khayyam,1
den,1
stowe,1
arkansastornadoes,1
jobson,1
warbirds,1
twain,1
dome,1
mccaulay,1
cardenolides,1
maccaulay,1
macauley,1
macaulay,1
mustang,1
asclepias,1
alateen,1
denial,1
hobson,1
substance,1
booze,1
kama,1
verne,1
jules,1
bartlett,1
wharton,1
alcoholism,1
edith,1
smooth,1
wilde,1
oscar,1
grocott,1
argali,1
roget,1
ageism,1
prejudice,1
capitol,1
chrysler,1
arturo,1
urbandale,1
lycal,1
calloway,1
ramirez,1
ensemble,1
glbtqa,1
genetics,1
harriet,1
advocare,1
airport,1
beecher,1
luxury,1
jonathan,1
tchekhov,1
vector,1
anton,1
hoover,1
webster,1
thoreau,1
soules,1
astrophotography,1
trollope,1
vanderbilt,1
ovaltwo,1
heath,1
synonymes,1
ramsey,1
concrete,1
dplex,1
andros,1
structural,1
hugo,1
bonnie,1
biopiracy,1
persistence,1
triton,1
fractol,1
fractal,1
theo,1
charon,1
tot,1
cometary,1
ort,1
rky,1
teselation,1
blindspot,1
tesselation,1
tesellation,1
stellar,1
mathmagic,1
chemisty,1
mathematician,1
persistance,1
interpolation,1
illuson,1
shunga,1
istd,1
magellan,1
stereograms,1
parthenon,1
trompe,1
prehistory,1
oceania,1
greece,1
loeil,1
pythagorean,1
thalassa,1
panther,1
brainteaser,1
longmeadow,1
adapt,1
jaguarundi,1
crenshaw,1
aristotle,1
enfield,1
galatea,1
springfield,1
larissa,1
apopka,1
naiad,1
cheerlead,1
backgrounder,1
statement,1
nereid,1
woodworking,1
release,1
barnstable,1
campaign,1
mollusk,1
wrist,1
harassment,1
grapefruit,1
celestial,1
cyber,1
helpline,1
proteus,1
recreation,1
bingo,1
leisure,1
sem,1
rad,1
oyamel,1
alexandre,1
oklahomatornadoes,1
ohiotornadoes,1
rear,1
fyodor,1
eagan,1
nebraskatornadoes,1
montanatornadoes,1
doyle,1
missouritornadoes,1
missisippitornadoes,1
authoritarian,1
conan,1
duma,1
louisianatornadoes,1
eliot,1
tenneseetornadoes,1
suriver,1
twirl,1
flaubert,1
kentuckytornadoes,1
kansastornadoes,1
gustave,1
grahame,1
kenneth,1
iowatornadoes,1
criticism,1
indianatornadoes,1
illinoistornadoes,1
georgiatornadoes,1
homer,1
interview,1
addax,1
programme,1
colorize,1
transmission,1
nihon,1
nippon,1
penfriends,1
keypal,1
dictatorship,1
cassini,1
panter,1
lymphocyte,1
biography,1
redmond,1
digimon,1
economics,1
microangela,1
weatherby,1
sealion,1
carvalho,1
lincolnshire,1
funk,1
acro,1
blueplanetbiomes,1
videostornadoes,1
rosario,1
dostoevsky,1
picturestornado,1
photostornado,1
etymology,1
chaserstornadotornado,1
wisconsinstorm,1
texastornadoes,1
tenneseetornado,1
fulani,1
helper,1
guatemala,1
ecotourism,1
biodiversity,1
tucson,1
sonoran,1
saguaro,1
organ,1
eduard,1
shevardnadze,1
fusionspark,1
epson,1
yucatan,1
peninsula,1
hara,1
cirriculum,1
dykinga,1
patricio,1
roble,1
gil,1
webcast,1
developer,1
sparkman,1
kazakhstan,1
talktalk,1
nutshell,1
investment,1
retirement,1
caucasus,1
tblisi,1
brasil,1
cactaceas,1
copan,1
kukulhan,1
fdic,1
fraud,1
scam,1
check,1
deposit,1
insurance,1
tribal,1
wwi,1
lizo,1
mzimba,1
matthew,1
craven,1
hopscotch,1
conseaurence,1
seventh,1
eighth,1
cactaceae,1
meio,1
ambiente,1
caatinga,1
cerrado,1
campos,1
rupestres,1
export,1
import,1
mckendrick,1
dalrymple,1
wolof,1
ecuador,1
chile,1
decline,1
incan,1
sapan,1
intiq,1
churin,1
sacrafice,1
pizarro,1
atahualpa,1
rosborough,1
sheipe,1
hitler,1
xico,1
raid,1
reich,1
germany,1
marine,1
maritime,1
tesoro,1
nautical,1
screensaver,1
photographic,1
union,1
mali,1
coe,1
expectancy,1
glencoe,1
status,1
topomania,1
practise,1
topology,1
remedial,1
arrangement,1
bantu,1
cote,1
ivoire,1
unesco,1
mondial,1
convention,1
afghanistan,1
maldives,1
embassy,1
diplomacy,1
heiroglyphics,1
hieroglyphic,1
cartouch,1
cartouche,1
amun,1
osiris,1
isi,1
horus,1
campbell,1
godesses,1
sacrifice,1
guam,1
acne,1
clemens,1
warren,1
methuen,1
weekly,1
dietary,1
supplement,1
vegetarian,1
anemia,1
zinc,1
restrict,1
communicate,1
guidance,1
babysitting,1
calendario,1
involve,1
relationship,1
bonfire,1
gunpowder,1
guido,1
pope,1
bonfirenight,1
faulkes,1
faukes,1
fawks,1
monterey,1
carmel,1
mount,1
fraser,1
macomb,1
amanda,1
adelaide,1
improv,1
constance,1
connie,1
jung,1
chung,1
tyerman,1
leticia,1
pang,1
dawn,1
hartshorne,1
sasha,1
kozak,1
shay,1
kuebler,1
kim,1
tuson,1
periodical,1
metal,1
kodakgirl,1
collector,1
collect,1
photographica,1
ephemera,1
martha,1
egyptian,1
briton,1
picts,1
slideshow,1
tiki,1
uganda,1
weevil,1
wordfinds,1
wordfind,1
bamboo,1
dim,1
jade,1
suzhou,1
teapot,1
wok,1
yixing,1
chichen,1
itza,1
cancun,1
cultura,1
tesoros,1
imagenes,1
tulum,1
uxmal,1
palenque,1
templos,1
palacias,1
glyph,1
bonampak,1
tomato,1
stave,1
romano,1
mugagga,1
sutton,1
hoo,1
ict,1
lowland,1
goggs,1
seabird,1
machu,1
picchu,1
cordillera,1
blanca,1
heraldry,1
feudalism,1
shield,1
blazon,1
emblazon,1
sketch,1
conquistador,1
whitianga,1
disneyland,1
salmon,1
celtic,1
pupil,1
avocadoes,1
compost,1
fuel,1
confederate,1
polynesia,1
receptor,1
hatshepsut,1
diffraction,1
geophysical,1
gdt,1
radar,1
penetrate,1
gpr,1
zarins,1
omani,1
shisur,1
ubar,1
oman,1
nefertari,1
ahmose,1
plateau,1
hierolglyphs,1
tutankhamen,1
nuweiba,1
taba,1
sheikh,1
sharm,1
makadi,1
gouna,1
hurghada,1
alexandria,1
thar,1
mahal,1
tomography,1
landsat,1
parkinson,1
baggarly,1
hawass,1
lehner,1
menkaure,1
khafre,1
cheops,1
khufu,1
cabana,1
lodge,1
savanna,1
economical,1
cayo,1
belmopan,1
preservation,1
fauna,1
crocodile,1
tapir,1
harpy,1
howler,1
matola,1
sharon,1
lecture,1
belise,1
meity,1
governance,1
informatics,1
taj,1
jahan,1
shan,1
shiva,1
dodge,1
sundance,1
cassidy,1
vaishnava,1
saiva,1
bhagavad,1
mahabharat,1
jefferson,1
garfield,1
hine,1
eyewitness,1
antietam,1
harbor,1
assassination,1
poland,1
nazi,1
pearl,1
becket,1
automobile,1
submarine,1
roosevelt,1
johnson,1
apache,1
impeachment,1
iroquois,1
sanskrit,1
dhamma,1
sikhism,1
livingstone,1
sikh,1
rajastan,1
indira,1
subcontinent,1
himalayan,1
himalaya,1
goa,1
ghat,1
delhi,1
buddhist,1
bahai,1
ashoka,1
aryan,1
agra,1
manuscriptsbooks,1
congress,1
wright,1
midway,1
tarawa,1
hun,1
attila,1
dalton,1
plague,1
crusade,1
martyr,1
quicktime,1
mason,1
tivaivai,1
catalog,1
helle,1
christiansen,1
robertson,1
weddell,1
berg,1
salvador,1
panama,1
veda,1
vedic,1
access,1
retrieval,1
coordination,1
terminology,1
scottish,1
hierarchical,1
hierarchy,1
archeological,1
archaeological,1
geospatial,1
terrafly,1
imax,1
massif,1
stefanson,1
vilhjalmur,1
rutford,1
ronne,1
skilling,1
steel,1
ceremony,1
weekend,1
rarotonga,1
frisbie,1
crucible,1
islam,1
faith,1
attitude,1
gaijin,1
outline,1
enlarge,1
crime,1
stuart,1
eighteenth,1
nineteenth,1
twentieth,1
mover,1
shaker,1
hmc,1
office,1
glasgow,1
clyde,1
shipbuilding,1
tram,1
shipyard,1
anasazi,1
hopi,1
mountaineer,1
meltwater,1
liesl,1
factbook,1
vaca,1
cabeza,1
coronado,1
rebellion,1
ventifact,1
satsrugi,1
polynya,1
nunatak,1
nilas,1
neve,1
katabatic,1
glycopeptides,1
antifreeze,1
circumpolar,1
vanda,1
onyx,1
vostok,1
lambert,1
dryas,1
younger,1
fallout,1
chernobyl,1
radioactivity,1
icecore,1
coastline,1
sacajawea,1
domesdaybook,1
krakauer,1
doomsdaybook,1
glaciology,1
glaciologist,1
ellsworth,1
hahn,1
dater,1
anker,1
mclean,1
amundsen,1
kung,1
chooper,1
hoiliday,1
mid,1
borneo,1
sinai,1
nelson,1
nevis,1
malaysia,1
iceland,1
landowner,1
cathedral,1
westminster,1
winchester,1
hastings,1
eleventh,1
landholder,1
suburb,1
locate,1
classfont,1
andheri,1
acrobat,1
rochester,1
msasoccercamps,1
goalkeeping,1
govt,1
indoor,1
perth,1
charleston,1
cleveland,1
etowah,1
niota,1
sweetwater,1
goregaon,1
awa,1
bollywood,1
oasis,1
morgan,1
leterature,1
cecchetti,1
opportunity,1
tothepointe,1
anorexia,1
bulimia,1
overweight,1
overeat,1
dysmorphia,1
nkb,1
bretton,1
breton,1
kelly,1
kitchener,1
waterloo,1
ham,1
kilowatter,1
tanamakoon,1
daylight,1
counter,1
pdf,1
iphone,1
coolmath,1
trig,1
geometric,1
precalculus,1
anthology,1
kaleidoscope,1
lead,1
goal,1
homesteader,1
cryptogram,1
sask,1
obituary,1
surname,1
passenger,1
raillines,1
odayin,1
recovery,1
olympics,1
goalkeeper,1
graduate,1
manic,1
mania,1
medication,1
chatroom,1
woodbridge,1
dcw,1
dcm,1
dce,1
dca,1
famq,1
bloomberg,1
ont,1
circuit,1
gsc,1
dcuk,1
dch,1
midwest,1
wgi,1
inland,1
sbi,1
miscarriage,1
premature,1
quicken,1
ectopic,1
fertilization,1
bipolar,1
smc,1
bhavan,1
spielzeug,1
rashtrapati,1
secretariat,1
aeronautics,1
caltech,1
coimbatore,1
civic,1
accord,1
wizarding,1
brighton,1
brightonballet,1
farber,1
baldwin,1
biochar,1
conflict,1
iraq,1
awsome,1
pure,1
broward,1
weston,1
giocattoli,1
brinquedos,1
jouets,1
juguetes,1
tarjetas,1
vacaciones,1
kwarc,1
wirless,1
adilinkidadi,1
nutritional,1
macedonian,1
maltese,1
norwegian,1
romanian,1
serbian,1
slovak,1
slovene,1
swedish,1
turkish,1
ukrainian,1
picturebooks,1
diabetic,1
analysis,1
corporation,1
pump,1
esol,1
elt,1
jazzybluedance,1
experience,1
cheer,1
scoebidoe,1
scoubeezz,1
scoub,1
skoebidoe,1
scoobidoo,1
skubidu,1
lithuanian,1
latvian,1
icelandic,1
hungarian,1
ccr,1
rna,1
transcription,1
gallo,1
letvin,1
fauci,1
bruce,1
walker,1
chimpanzee,1
acceleration,1
currency,1
pelt,1
fix,1
albanian,1
basque,1
belarusian,1
bosnian,1
bulgarian,1
catalan,1
croatian,1
czech,1
danish,1
estonian,1
finnish,1
flemish,1
armbandjes,1
vriendschapsbandjes,1
draadjes,1
boyfriend,1
fiancee,1
honeymoon,1
luv,1
suite,1
hindi,1
persian,1
refdesk,1
atlanta,1
augusta,1
flowery,1
gwinnett,1
norcross,1
wharf,1
musee,1
mecanique,1
admission,1
siteseeing,1
tourist,1
pinball,1
fessenden,1
rogers,1
majestic,1
manufacture,1
hro,1
receiver,1
fiance,1
girlfriend,1
touwtjes,1
romance,1
snoertjes,1
plastic,1
bilbal,1
bimbaland,1
sleutelhangers,1
knutsels,1
knutselen,1
holstein,1
milker,1
osteoporosis,1
cycle,1
biosphere,1
hydrosphere,1
lithosphere,1
chain,1
erosion,1
combine,1
pork,1
velociraptor,1
paleontologist,1
wikihow,1
transgender,1
wiki,1
diy,1
howto,1
fetus,1
embryo,1
embryology,1
foxhunt,1
concept,1
extreme,1
gazetteer,1
personalization,1
preparatory,1
gri,1
diploma,1
campus,1
ossd,1
horseriding,1
instructor,1
polo,1
greenfield,1
anatomy,1
asd,1
waterfront,1
zipline,1
associaton,1
arctic,1
equinox,1
solstice,1
vesuvius,1
italy,1
erupt,1
pompeii,1
explode,1
taxonomy,1
html,1
python,1
scratch,1
halloweenjokes,1
halloweenmusic,1
halloweencrafts,1
halloweengames,1
coloringbook,1
halloweenwordsearches,1
haughtedhouse,1
immersion,1
westchester,1
playa,1
vista,1
ross,1
clarita,1
irvine,1
encino,1
fernando,1
pasadena,1
beverly,1
laptop,1
ted,1
innovation,1
brampton,1
arduino,1
cartography,1
raspberri,1
explosion,1
vei,1
nevado,1
immigration,1
borough,1
worship,1
collective,1
trustee,1
davis,1
hobdy,1
arundel,1
timothy,1
ferris,1
extraterrestrial,1
seti,1
alien,1
ufo,1
spaceexploration,1
scranton,1
summit,1
photomicrography,1
intel,1
olympus,1
mic,1
grech,1
tuition,1
visitspan,1
styletext,1
decorationunderlinea,1
register,1
immigrant,1
del,1
colonist,1
ruiz,1
vdap,1
pinatubo,1
geological,1
guagua,1
pichincha,1
seismometer,1
metadata,1
tiltmeter,1
lexikon,1
magma,1
lava,1
predict,1
prediction,1
kilauea,1
usgs,1
vhp,1
rabaul,1
papua,1
explosivity,1
poisonhelp,1
suspect,1
shampoo,1
wortschatz,1
entire,1
halloweenrecipes,1
bristow,1
gemma,1
biologie,1
embryologie,1
anatomie,1
sperme,1
oeufs,1
utirus,1
pharmacie,1
pharmacien,1
causerie,1
drogue,1
toxines,1
toxin,1
bebi,1
nacimiento,1
parto,1
aborto,1
desarrollo,1
maternidad,1
embarazado,1
prematuro,1
firtil,1
ovulacisn,1
aceleracisn,1
corazsn,1
pulmones,1
cerebro,1
humaine,1
iducation,1
ectspico,1
sanitaire,1
trimester,1
sperm,1
geografia,1
uterus,1
pharmacy,1
pharmacist,1
bebe,1
naissance,1
accouchement,1
perte,1
materniti,1
foetale,1
diveloppement,1
enceinte,1
primaturi,1
prinatale,1
activant,1
coeur,1
poumons,1
cerveau,1
geocoding,1
ectopique,1
fertilisation,1
foetus,1
embryon,1
concepto,1
fertilizacisn,1
iop,1
cervone,1
lisa,1
essential,1
whatkids,1
electrical,1
thermal,1
wildife,1
onlinebsol,1
subscription,1
babbage,1
ada,1
lovelace,1
cryptology,1
lighthouse,1
hadrosaurus,1
foulkii,1
hadrosaur,1
hadrosaurids,1
excavation,1
haddonfield,1
camden,1
leidy,1
hamentaschen,1
lot,1
judaica,1
judaic,1
kathleencushman,1
barbara,1
feto,1
activism,1
implantacisn,1
embrisn,1
salud,1
educacisn,1
biologma,1
humana,1
embriologma,1
ciencia,1
anatomma,1
esperma,1
huevo,1
hormonas,1
cerviz,1
ztero,1
farmacia,1
farmaciutico,1
charla,1
drogas,1
toxinas,1
experiential,1
middleschool,1
rural,1
innovative,1
advocacy,1
youthentrepreneur,1
deimos,1
esafety,1
crater,1
teethe,1
screen,1
antibiotic,1
penicillin,1
acetaminophen,1
rem,1
phase,1
nighmares,1
ward,1
delivery,1
expect,1
crawl,1
dirty,1
yogic,1
properly,1
gingivitis,1
rot,1
toothbrush,1
fluoride,1
bristle,1
soda,1
aish,1
hatorah,1
spirituality,1
chagim,1
swab,1
tonsil,1
rheumatic,1
arthritis,1
cmendonc,1
highscope,1
ece,1
neil,1
bookshop,1
bookstore,1
brigade,1
welephant,1
nfscc,1
shy,1
aboriginal,1
wombat,1
emu,1
platypus,1
coyote,1
dreamtime,1
lizard,1
dingo,1
meditation,1
relax,1
strept,1
streptococci,1
carrier,1
megillas,1
haman,1
mordechai,1
devotional,1
squarepants,1
nicktoons,1
icarly,1
aptitude,1
workforce,1
shortage,1
salary,1
zines,1
popularity,1
grammer,1
nonsense,1
crescendo,1
creshendo,1
macy,1
parade,1
mayflower,1
squanto,1
bradford,1
wampanoag,1
plymouth,1
icc,1
mechanic,1
cusine,1
testimony,1
widjitiwin,1
achashverosh,1
inexpensive,1
heliophysics,1
nyc,1
skillstrainer,1
steven,1
sultanoff,1
therapeutic,1
mirth,1
jest,1
rime,1
nersery,1
rhyms,1
nursey,1
nursry,1
nursury,1
nusery,1
style,1
nmd,1
superstar,1
archaeopteryx,1
lithographica,1
widjiitiwin,1
daycamp,1
huntsville,1
storekeeper,1
gudli,1
exposition,1
cdrom,1
activies,1
rename,1
fractione,1
reuse,1
homemade,1
feeder,1
vocabulaire,1
jeu,1
pendu,1
orthographe,1
fran,1
exercice,1
fle,1
obbl,1
cellular,1
simulator,1
reality,1
gaussian,1
elimination,1
piaget,1
obbliq,1
bording,1
boardingschool,1
ontwikkeling,1
spelen,1
crewe,1
animatie,1
unpack,1
goodbye,1
wordsearches,1
icse,1
ncert,1
ssc,1
hsc,1
curriculam,1
mock,1
syllabus,1
aero,1
topex,1
poseidon,1
nino,1
spel,1
handleiding,1
tic,1
tac,1
kindergartner,1
kaart,1
cardwenskaart,1
scholen,1
particulier,1
sara,1
bordingschool,1
columbian,1
humphrey,1
wire,1
firefighting,1
fdny,1
hose,1
apparatus,1
hydrant,1
turnout,1
extrication,1
canman,1
hazmat,1
felt,1
athropolis,1
arnold,1
lunchtime,1
menu,1
dyslexic,1
welt,1
sting,1
urticaria,1
corticosteroid,1
nervousness,1
rash,1
labor,1
humphry,1
slug,1
libby,1
ipne,1
koponen,1
enesbit,1
oswald,1
bastable,1
tinteractive,1
bluerosegirl,1
develop,1
browse,1
coolest,1
dressup,1
sprots,1
alfy,1
alphabites,1
independence,1
kafe,1
surf,1
apply,1
situation,1
deductive,1
logical,1
labrador,1
indiebrag,1
medallion,1
posture,1
pose,1
semicircle,1
litre,1
irrational,1
irregular,1
kilogram,1
kilo,1
kilolitre,1
kiloliter,1
kilometre,1
kilometer,1
kmh,1
lateral,1
likelihood,1
liter,1
syvumbooks,1
lowest,1
lcd,1
mab,1
maximum,1
megalitre,1
member,1
meter,1
midpoint,1
millilitre,1
milliliter,1
millimetre,1
inverse,1
intersect,1
infinity,1
inequality,1
gigalitre,1
gmt,1
googol,1
greater,1
gcf,1
grid,1
gross,1
handspan,1
hectare,1
hectometer,1
hemisphere,1
hepta,1
heptagon,1
hexa,1
hexadecimal,1
hexagon,1
hexahedron,1
highest,1
horizontal,1
hundredth,1
icosahedron,1
improper,1
increase,1
millimeter,1
million,1
minor,1
pentagonal,1
pint,1
platonic,1
pound,1
factorisation,1
factorization,1
pronumeral,1
proportion,1
protractor,1
pythagoras,1
quadrangle,1
quadrant,1
quadrillion,1
qualitative,1
quantity,1
quart,1
quarter,1
quarterly,1
random,1
rational,1
recur,1
reflex,1
regroup,1
regular,1
phi,1
pentagon,1
moebius,1
pascal,1
monomial,1
mpg,1
mph,1
multiplicand,1
multiplier,1
multiplicative,1
nineteen,1
ninety,1
nonagon,1
oblong,1
octagon,1
octahedron,1
odd,1
ogive,1
ordinal,1
ounce,1
outcome,1
outlier,1
oval,1
palindromic,1
parabola,1
parallelogram,1
parenthesis,1
gallon,1
fundamental,1
function,1
bisect,1
boundary,1
bracket,1
breadth,1
cardinal,1
cartesian,1
categorical,1
celsius,1
centigrade,1
census,1
cent,1
centimeter,1
chance,1
close,1
cluster,1
coefficient,1
column,1
collinear,1
composite,1
concave,1
concentric,1
concurrent,1
consecutive,1
constant,1
bisector,1
binomial,1
converge,1
billion,1
shareware,1
freeware,1
poster,1
absolute,1
abundant,1
additive,1
adjacent,1
algorithm,1
align,1
amount,1
analogue,1
analog,1
annual,1
annually,1
annulus,1
apex,1
approximate,1
ascend,1
associative,1
asymmetry,1
attribute,1
average,1
benchmark,1
continuous,1
coplanar,1
frustrum,1
dodecahedron,1
edge,1
eighteen,1
eighty,1
ellipse,1
endpoint,1
equate,1
equiangular,1
estimate,1
evaluate,1
expand,1
exterior,1
factorise,1
factorize,1
factorial,1
fahrenheit,1
fibonacci,1
figurate,1
finite,1
foil,1
fortnight,1
fourteen,1
distribution,1
frustum,1
dozen,1
dodecagon,1
correspond,1
divisibility,1
counterclockwise,1
cube,1
cuboid,1
cumulative,1
cylinder,1
deca,1
deka,1
decade,1
decagon,1
decahedron,1
decrease,1
decomposition,1
deduct,1
deficient,1
descend,1
diagonal,1
dice,1
direction,1
discrete,1
discount,1
displacement,1
distributive,1
divisible,1
address,1
stressful,1
relocate,1
sidewalk,1
trigger,1
load,1
seperated,1
stepparent,1
stepmoms,1
stepdads,1
split,1
jerry,1
muskrat,1
ryann,1
enter,1
lafcadio,1
relocation,1
harpercollins,1
slot,1
tartan,1
flagpole,1
lightbulb,1
checker,1
anaglyph,1
cyan,1
produce,1
pbh,1
veggie,1
ammunition,1
target,1
opponent,1
adrenaline,1
reptar,1
paris,1
suck,1
helmet,1
protective,1
goggle,1
compression,1
elevation,1
inflammation,1
snowboard,1
peeramid,1
peramid,1
piramid,1
pasta,1
yogurt,1
glaciation,1
quaternary,1
pleistocene,1
epoch,1
sniff,1
selfesteem,1
sideline,1
compete,1
tracker,1
micheal,1
michail,1
compliment,1
bowel,1
irritable,1
gasy,1
gassy,1
wheal,1
shellfish,1
lactose,1
epipen,1
alergic,1
allergick,1
alergick,1
allurgic,1
jealousy,1
hurtful,1
fearful,1
abusive,1
bartz,1
bratz,1
diddl,1
inevitable,1
superheroes,1
newnan,1
girlie,1
ibd,1
hopeless,1
mikal,1
miserable,1
mikael,1
pastuso,1
darkest,1
anaphylactic,1
immunology,1
impair,1
noise,1
ossicle,1
pinna,1
cochlea,1
eardrum,1
conductive,1
sensorineural,1
otitis,1
audiologists,1
audiologist,1
audiolugist,1
lipread,1
audiology,1
neuropathy,1
honest,1
encourage,1
unhappy,1
cynthia,1
lipshitz,1
diapie,1
latchkey,1
prop,1
smartygames,1
compeition,1
cosine,1
dilation,1
thanskgiving,1
pecos,1
appleseed,1
gluon,1
freak,1
frustration,1
league,1
intramurals,1
pancake,1
sandiego,1
harmony,1
personalize,1
wittes,1
sbook,1
spaghetti,1
coloringpaintinggames,1
haloween,1
boo,1
accessory,1
gatos,1
infosite,1
dibujos,1
spca,1
raindeer,1
nurseryrhymes,1
negro,1
tribbles,1
pixy,1
squiglys,1
bab,1
oat,1
kadeem,1
mpeg,1
format,1
una,1
familia,1
suizo,1
eine,1
schweizer,1
argentinien,1
famnilie,1
swiss,1
argentinean,1
gatitos,1
zeichnungen,1
holoween,1
lutwidge,1
csupo,1
dil,1
crandall,1
phil,1
lillian,1
angelica,1
kimi,1
suzie,1
stu,1
didi,1
boris,1
minka,1
norbert,1
chazz,1
melinda,1
kira,1
randy,1
jonhatan,1
spike,1
fluffy,1
finster,1
pickle,1
carmichael,1
ville,1
klasky,1
dylan,1
spanoudis,1
dashiell,1
spanoudi,1
vectorkids,1
childen,1
detail,1
auction,1
biddington,1
wattson,1
kaprov,1
pastel,1
dumbo,1
biddingtons,1
upmarket,1
morte,1
creativity,1
creche,1
elfland,1
arrange,1
che,1
snowwoman,1
scene,1
drag,1
float,1
sink,1
absorption,1
girly,1
secure,1
suitable,1
permanent,1
earplug,1
earmuff,1
machinery,1
tone,1
jail,1
gaol,1
afraid,1
irritate,1
grouchy,1
sweaty,1
exhale,1
hyperventilate,1
tension,1
tire,1
lighter,1
fireplace,1
bozz,1
doody,1
dink,1
tizzy,1
cubeedoobeedoo,1
cubee,1
doobee,1
portable,1
temporary,1
gmtv,1
headphone,1
clean,1
foodborne,1
salmonella,1
coli,1
leftover,1
blender,1
processor,1
penn,1
beef,1
renewable,1
cooperative,1
plaster,1
fiberglass,1
sling,1
splint,1
mend,1
greenstick,1
comminute,1
hairline,1
skeletal,1
ligament,1
orthopedics,1
aipl,1
occasion,1
nickjr,1
appliance,1
beany,1
glove,1
jar,1
paperweight,1
towel,1
placemats,1
spinosaurus,1
elasmosaurus,1
muttaburrasaurus,1
ornithomimus,1
stegosaurus,1
pteranodon,1
apatosaurus,1
allosaurus,1
dimetrodon,1
parasaurolophus,1
polecanthus,1
corynthosaurus,1
ankylosaurus,1
camarasaurus,1
iguanodon,1
chritmas,1
numberline,1
slice,1
beanbag,1
carton,1
aware,1
spoon,1
awkward,1
annoy,1
rotten,1
anesthesia,1
mediation,1
glucose,1
hypo,1
smokeless,1
snuff,1
dip,1
cigar,1
breath,1
expensive,1
nail,1
crowd,1
clique,1
bullie,1
clix,1
expressionism,1
nonobjective,1
checkerboard,1
patchwork,1
critter,1
knife,1
chef,1
identify,1
slap,1
composer,1
physicist,1
scripture,1
freebie,1
salvation,1
shrek,1
advancement,1
lowell,1
nonprofit,1
milliken,1
milkin,1
milikin,1
exchange,1
workspace,1
mevw,1
charitable,1
rocky,1
lander,1
peak,1
bierstadt,1
boughton,1
passive,1
carbon,1
kidlit,1
pull,1
nair,1
verbal,1
correctly,1
karenandkids,1
musician,1
gospel,1
pharma,1
hcl,1
pill,1
scientst,1
demo,1
hanakuh,1
chanukkah,1
erica,1
donaghue,1
windam,1
combo,1
showcase,1
tween,1
yeung,1
marblemedia,1
tvguide,1
yell,1
grab,1
sexual,1
monoxide,1
gaim,1
flashlight,1
firth,1
trundle,1
messy,1
meow,1
albuquerque,1
faries,1
guestbook,1
banner,1
feline,1
sailor,1
cabbit,1
super,1
kawaii,1
paintbrush,1
nifty,1
haunt,1
makeup,1
ghoul,1
traffic,1
fluorescent,1
eyehole,1
inspect,1
carefully,1
crosswalk,1
rottentrolls,1
comedy,1
gaims,1
citv,1
puzle,1
puzles,1
imaginary,1
colorful,1
brightly,1
playful,1
amuse,1
ping,1
pong,1
deere,1
hamantashen,1
bandwidth,1
mourn,1
soul,1
graf,1
nana,1
palliative,1
lcm,1
humpback,1
ripley,1
scuff,1
bargie,1
strid,1
rhythmic,1
septagon,1
sunspot,1
styrofoam,1
jeffrey,1
jeff,1
linda,1
martel,1
topper,1
potpourri,1
sachet,1
handicraft,1
jewelry,1
mache,1
candlemaking,1
decor,1
starlink,1
redecorate,1
swag,1
favourite,1
olden,1
fingerplays,1
recommendation,1
digitalkids,1
create,1
contar,1
espa,1
cara,1
gradation,1
cratering,1
impact,1
meteorite,1
cbbc,1
sonali,1
shah,1
hayley,1
cutts,1
ore,1
oduba,1
leah,1
gooding,1
ricky,1
boleto,1
cdc,1
sleepaway,1
topsail,1
rake,1
chasseur,1
boyle,1
grader,1
ruler,1
mansfield,1
cindy,1
ecard,1
philosopher,1
rodent,1
chinchilla,1
ferret,1
bearz,1
kopp,1
daizy,1
cutter,1
incredible,1
northwood,1
photosynthesis,1
pollination,1
adaptation,1
sitenfant,1
resilience,1
restoration,1
sap,1
konnected,1
paretns,1
downtown,1
fieldtrips,1
messianic,1
messiah,1
shua,1
kidport,1
metaphorical,1
organizational,1
premiumcontent,1
squirrils,1
annabelle,1
hunger,1
jib,1
mib,1
malden,1
southeast,1
fairfield,1
bonus,1
dimdima,1
include,1
panchatantra,1
icdl,1
multiplayer,1
colouration,1
skipper,1
savannah,1
technic,1
mall,1
ldraw,1
websisodes,1
littleton,1
kutter,1
annabel,1
biff,1
gordo,1
hank,1
toolbox,1
fumigant,1
rodenticides,1
nene,1
lockheed,1
bullwhip,1
skunkworks,1
turbojet,1
afterburner,1
dryden,1
warby,1
arfons,1
thrustssc,1
breedlove,1
ofamerica,1
flap,1
ornithopter,1
aircraft,1
starchild,1
galactic,1
nucleus,1
cataclysmic,1
diffuse,1
gamma,1
burst,1
gravitational,1
pulsar,1
hypersonic,1
durwent,1
remnant,1
royce,1
supersonic,1
mach,1
faster,1
yeager,1
boom,1
debeeler,1
beeler,1
goodlin,1
slick,1
attempt,1
aerodynamic,1
niagara,1
thrust,1
naca,1
korea,1
hawker,1
dassault,1
hallion,1
smithsonian,1
messerschmidt,1
transsonic,1
trans,1
rosenberg,1
quasar,1
foxtrot,1
tick,1
continuously,1
abdomen,1
invertebrate,1
external,1
joint,1
tough,1
burrow,1
mange,1
backgammon,1
solitaire,1
antimicrobial,1
biopesticides,1
procedure,1
repellent,1
ipm,1
risk,1
mosquito,1
committee,1
regulatory,1
partner,1
applicator,1
reevaluation,1
pria,1
flea,1
distinct,1
attach,1
amend,1
nourishment,1
esa,1
macrame,1
spice,1
iris,1
puget,1
today,1
datebook,1
editorial,1
lottery,1
burma,1
sonics,1
seahawks,1
mariner,1
prep,1
automotive,1
nwautospace,1
din,1
sensitive,1
vibration,1
shed,1
arachnid,1
undergo,1
cocoon,1
biotech,1
monsanto,1
sequence,1
neurofibromatosis,1
hobbyist,1
fragile,1
marfan,1
hemophilia,1
cystic,1
fibrosis,1
duchenne,1
dystrophybecker,1
dystrophy,1
phenylketonuria,1
pku,1
sickle,1
genomic,1
hemochromatosis,1
tay,1
sachs,1
beta,1
alzheimer,1
polycystic,1
kidney,1
inheritance,1
recessive,1
dominant,1
actor,1
beaty,1
superfriend,1
magnetic,1
artificial,1
ohm,1
radioactive,1
timezones,1
wavelength,1
cosmonaut,1
yuri,1
gagarin,1
copernicus,1
johannes,1
kepler,1
tycho,1
brahe,1
jquery,1
gpa,1
winston,1
salem,1
zena,1
rommett,1
floor,1
barre,1
muzikgarten,1
commonly,1
radiation,1
actress,1
homeless,1
sig,1
homophobia,1
cyberbullying,1
gender,1
abolition,1
sustainability,1
tolerance,1
bereave,1
bereavment,1
greiving,1
safekids,1
fake,1
dull,1
dullish,1
pollute,1
luminous,1
muddy,1
magenta,1
infrared,1
strage,1
conspiracy,1
inside,1
rocketry,1
sol,1
flare,1
hatecrime,1
racism,1
princeton,1
domestic,1
yale,1
miami,1
emory,1
ucla,1
scheme,1
colorscheme,1
colourscheme,1
colourset,1
colorset,1
webcolours,1
webcolors,1
preview,1
zaku,1
colorpicker,1
hsl,1
hsv,1
rgb,1
hex,1
cmy,1
cmyk,1
colourcode,1
colorcode,1
victory,1
kinetic,1
julian,1
timer,1
mommy,1
distraction,1
helplines,1
specialist,1
stable,1
eventing,1
dressage,1
manchester,1
rutland,1
pawlet,1
forestry,1
alternative,1
relief,1
imagery,1
shamanism,1
albright,1
yuko,1
oda,1
kristula,1
macromedia,1
shockwave,1
etruscan,1
translate,1
logan,1
schoolwork,1
medleymole,1
filmmaker,1
medley,1
bioengineered,1
frontline,1
folklore,1
playscript,1
wnetstation,1
channel,1
topography,1
volcanism,1
montserrat,1
loma,1
prieta,1
northridge,1
kobe,1
kathy,1
svitil,1
pendick,1
kunekune,1
hog,1
frenchbo,1
doberman,1
pinscher,1
frenchtons,1
pug,1
brien,1
numbernut,1
depth,1
comparative,1
eductaional,1
takeover,1
leicester,1
leicestershire,1
marianne,1
dyson,1
sfwa,1
mentor,1
agency,1
royalty,1
licence,1
publication,1
stingray,1
interaction,1
northeastern,1
sudbury,1
handmade,1
alculators,1
atob,1
beat,1
bpm,1
solver,1
circular,1
xvii,1
argumentative,1
labour,1
descriptive,1
cardiovascular,1
flexibility,1
strength,1
toomuchsugar,1
wtju,1
krfc,1
kfsl,1
wrfa,1
wllo,1
catchastar,1
jen,1
hoffman,1
riccio,1
timekeeping,1
renaissance,1
mechanical,1
kanagawa,1
biennial,1
babylonian,1
accient,1
babylonia,1
prewriting,1
revise,1
louse,1
nanobes,1
micscape,1
nominee,1
amelia,1
gibbon,1
ala,1
andre,1
norton,1
aurealis,1
bisto,1
superior,1
sensense,1
booktrust,1
carnegie,1
burr,1
specimen,1
worzalla,1
stieglitz,1
straus,1
giverny,1
geoffrey,1
bilson,1
guardian,1
fanfare,1
choice,1
josette,1
kurt,1
category,1
bookseller,1
subaru,1
peregrine,1
alistair,1
swallowtail,1
neighborhood,1
gaga,1
kendall,1
jenner,1
liam,1
payne,1
paula,1
fernandes,1
zayn,1
malik,1
nur,1
fettahog,1
mota,1
shinoda,1
winterbells,1
australis,1
southern,1
longitude,1
harmsworth,1
orrery,1
photodesk,1
maschler,1
claudia,1
baillie,1
ethical,1
meaningful,1
climatology,1
variation,1
temperate,1
subtropical,1
merrie,1
warner,1
bros,1
clampett,1
tashlin,1
friz,1
freleng,1
tex,1
porky,1
login,1
logout,1
donor,1
myzoo,1
dislexia,1
dislecksia,1
decode,1
compensatory,1
remediation,1
voluntourism,1
wilmette,1
mythopoeic,1
skokie,1
awar,1
norma,1
fleck,1
medalist,1
npr,1
concierge,1
russell,1
schwartz,1
smarties,1
schneider,1
sid,1
fleischman,1
dell,1
tomas,1
rivera,1
mexican,1
whitbread,1
beginner,1
balletjazzmoderntap,1
lyricalpointedance,1
evanston,1
lincolnwood,1
morton,1
pas,1
rubric,1
perusasive,1
ton,1
total,1
trapezium,1
trillion,1
trinomial,1
triple,1
treble,1
unequal,1
uniform,1
vertically,1
vinculum,1
visualise,1
visualize,1
width,1
yield,1
houma,1
broadmoor,1
handout,1
explanation,1
powerpoint,1
gluinos,1
neutrino,1
antimatter,1
electroweak,1
tonne,1
thirty,1
supersymmetry,1
thousandth,1
seventeen,1
sieve,1
eratosthenes,1
similar,1
simplify,1
sin,1
sixteen,1
sixty,1
skew,1
smaller,1
spiral,1
spreadsheet,1
subitising,1
subitizing,1
minuend,1
subtrahend,1
supplementary,1
surd,1
tan,1
tenth,1
terminate,1
tetrahedron,1
thermometer,1
cern,1
technicolor,1
expository,1
hallucinogen,1
mood,1
coke,1
toot,1
flake,1
tranquilizer,1
downer,1
ludes,1
smack,1
whippet,1
huff,1
perennial,1
corm,1
tuber,1
maintenance,1
horticulture,1
carnivorous,1
hybridization,1
tundra,1
taiga,1
deciduous,1
shoreline,1
coral,1
paragraph,1
stimulant,1
depressant,1
leptoquarks,1
warn,1
meson,1
collaboration,1
lhc,1
heavy,1
tweens,1
wgbh,1
crust,1
fffbi,1
bunkum,1
codswallop,1
marijuana,1
weed,1
heroin,1
methamphetamine,1
crack,1
prescription,1
stunt,1
addict,1
withdrawal,1
intoxicate,1
hangover,1
tremor,1
hallucination,1
sensory,1
adulthood,1
span,1
percussion,1
sock,1
hydrangea,1
sunflower,1
percula,1
clownfish,1
dfw,1
perot,1
dallas,1
homeschoolers,1
classification,1
alphabetize,1
presidential,1
seussville,1
scholarship,1
mytholotical,1
usgenweb,1
cogenweb,1
auld,1
lang,1
syne,1
twas,1
clement,1
moore,1
fulute,1
bookcover,1
beatrix,1
fukuwarai,1
recipies,1
elm,1
duncan,1
gat,1
poet,1
maggie,1
poeming,1
lauren,1
stringer,1
hiroe,1
nakata,1
libro,1
celebrate,1
mora,1
libros,1
rebus,1
kindergartern,1
papercutting,1
colorling,1
flipbook,1
ribbon,1
puppet,1
papercraft,1
cane,1
evergreen,1
shpiel,1
main,1
medical,1
acronym,1
invite,1
safest,1
bombpop,1
bombpops,1
frontpage,1
integration,1
thinkuknow,1
thinkyouknow,1
ceop,1
saftey,1
fungi,1
pixar,1
mickey,1
minnie,1
freeze,1
printout,1
seekaword,1
starter,1
lymphoma,1
prefix,1
gcse,1
compute,1
biscuit,1
ago,1
dough,1
bethlehem,1
judea,1
wadsworth,1
greenleaf,1
whittier,1
panov,1
aileen,1
magi,1
reason,1
piglet,1
eeyore,1
tigger,1
kanga,1
roo,1
gopher,1
tophers,1
webmail,1
brady,1
delaurenti,1
redkid,1
jukebox,1
grafitti,1
earn,1
hebrew,1
mound,1
developmental,1
chitin,1
permean,1
cretaceous,1
igneous,1
sedimentary,1
metamorphic,1
precambrian,1
cenozoic,1
tissue,1
thiamin,1
riboflavin,1
pyridoxine,1
cobalamine,1
folic,1
biotin,1
pantothenic,1
niacin,1
fortify,1
leafy,1
enrich,1
resist,1
clot,1
hemoglobin,1
package,1
paleozoic,1
vertebrate,1
container,1
labandiera,1
provider,1
front,1
webmaster,1
cgi,1
blogger,1
weblog,1
weblogs,1
disco,1
freestyle,1
idta,1
bbo,1
dinos,1
casual,1
bilingual,1
mesozoic,1
triassic,1
paidan,1
phytosaur,1
stucky,1
paleobiology,1
dodson,1
coprolite,1
dung,1
milligram,1
source,1
gothic,1
diuretic,1
salivary,1
gland,1
apologetics,1
sauras,1
saurs,1
prehistoric,1
flood,1
tyrannosaur,1
nessie,1
lea,1
bison,1
hybrid,1
sprawl,1
oral,1
quilt,1
cam,1
rube,1
goldberg,1
laura,1
ingalls,1
wilder,1
smut,1
ethanol,1
exhaustion,1
caffeine,1
cholesterol,1
perspiration,1
sodium,1
gernal,1
dietician,1
allurgy,1
venom,1
mite,1
dander,1
mold,1
mildew,1
runny,1
cramp,1
hereditary,1
outgrow,1
mucus,1
allergist,1
injection,1
itchy,1
telephone,1
gatorade,1
dehydrate,1
circulatory,1
lymphatic,1
pee,1
photolog,1
