Term,TotalFrequency
cricket,23966
report,17092
world,14481
time,10986
make,10472
year,10336
day,10213
news,9704
game,9140
country,8318
india,7332
read,7107
home,7009
work,6718
page,6708
site,6645
find,6469
learn,6360
open,6309
include,6203
service,6191
people,6013
information,5957
post,5631
kid,5538
show,5520
contact,5514
free,5512
give,5486
story,5462
program,5398
state,5341
science,5203
child,5150
play,5136
video,5134
life,5105
art,5001
book,4949
back,4875
win,4786
article,4759
search,4699
list,4628
test,4575
cup,4566
system,4551
number,4382
school,4287
national,4226
tour,4220
view,4193
provide,4189
history,4163
link,4133
top,4109
set,4024
event,3994
age,3985
group,3926
health,3923
add,3885
august,3848
business,3842
sport,3786
change,3760
product,3755
online,3711
term,3703
click,3678
est,3669
woman,3634
live,3631
support,3613
international,3605
call,3602
good,3525
color,3519
policy,3500
family,3478
resource,3442
part,3433
population,3399
write,3386
follow,3378
september,3322
place,3321
government,3311
research,3248
south,3242
photo,3222
center,3188
great,3172
total,3168
team,3163
share,3126
public,3120
end,3104
island,3084
plan,3055
review,3049
data,3035
privacy,3030
rate,3015
house,3012
medium,3007
buy,2990
member,2982
company,2972
feature,2958
food,2946
project,2944
study,2937
water,2935
shop,2935
student,2922
activity,2922
order,2917
technology,2901
thing,2891
museum,2860
question,2826
content,2799
design,2797
week,2784
england,2781
area,2775
doe,2773
sign,2755
american,2748
create,2728
web,2722
star,2722
title,2715
meet,2711
camp,2695
power,2694
code,2690
july,2672
email,2658
city,2650
full,2635
image,2633
australia,2625
education,2619
icc,2616
close,2610
offer,2602
website,2594
experience,2594
language,2591
president,2570
build,2566
visit,2539
high,2526
series,2526
base,2524
word,2515
fun,2510
leave,2501
round,2487
party,2480
long,2464
today,2450
box,2443
june,2437
type,2418
license,2403
computer,2396
university,2387
unite,2380
lead,2379
law,2377
run,2362
love,2355
car,2351
general,2350
source,2347
date,2311
africa,2305
lose,2299
special,2291
hour,2290
player,2275
map,2262
christmas,2260
blog,2257
latest,2255
march,2247
month,2247
parent,2247
point,2241
file,2237
software,2224
internet,2212
watch,2201
match,2189
war,2188
dance,2176
issue,2164
note,2157
rule,2149
community,2144
class,2141
guide,2140
office,2136
jan,2135
press,2133
english,2131
archive,2129
teacher,2122
land,2121
man,2118
social,2094
space,2092
begin,2082
comparison,2071
interest,2070
summer,2069
april,2068
problem,2061
math,2055
feel,2054
fight,2050
music,2049
hand,2036
december,2032
development,2021
continue,2020
sale,2016
mar,2006
sun,2005
west,1983
record,1976
index,1976
january,1970
earth,1959
agency,1957
network,1953
body,1953
line,1946
train,1943
put,1934
level,1928
air,1925
move,1911
market,1907
bird,1906
light,1902
october,1899
return,1899
animal,1895
indian,1895
force,1895
movie,1890
tool,1875
collection,1872
men,1870
library,1868
minute,1860
career,1860
america,1852
friend,1851
travel,1833
big,1828
main,1827
official,1822
king,1821
picture,1817
price,1809
board,1806
care,1796
china,1796
current,1788
explore,1786
control,1782
topic,1781
human,1780
account,1778
safety,1769
north,1766
november,1761
wed,1760
sit,1758
fire,1755
award,1748
save,1742
paper,1735
detail,1729
million,1725
february,1719
case,1717
check,1710
release,1686
fact,1683
access,1675
ago,1674
job,1674
military,1670
idea,1667
turn,1666
action,1664
grade,1657
john,1655
talk,1650
natural,1647
relate,1645
grow,1645
register,1644
club,1642
real,1637
download,1636
court,1635
recipe,1634
process,1627
bring,1624
holiday,1621
user,1618
young,1616
face,1616
fee,1610
death,1609
digital,1608
mail,1598
card,1589
slide,1580
industry,1571
knot,1570
send,1568
global,1566
person,1562
gift,1560
field,1559
receive,1556
local,1555
small,1552
standard,1550
organization,1537
text,1531
deal,1523
head,1522
forum,1521
money,1520
original,1519
film,1519
break,1510
print,1509
future,1509
lot,1500
tip,1500
fall,1499
white,1495
condition,1495
location,1492
early,1481
answer,1474
important,1472
present,1470
org,1467
section,1465
professional,1458
category,1456
trade,1452
address,1450
puzzle,1450
material,1442
window,1441
night,1439
info,1437
bear,1434
publish,1431
canada,1431
model,1429
calendar,1428
management,1426
sea,1425
challenge,1421
common,1420
society,1416
partner,1406
weight,1399
mark,1396
baby,1394
short,1393
bbc,1392
complete,1391
menu,1387
annual,1383
act,1378
teach,1378
reach,1365
eat,1362
develop,1362
gallery,1361
major,1360
energy,1360
girl,1357
store,1348
culture,1347
style,1343
york,1343
environment,1342
draw,1342
measure,1340
popular,1340
enter,1339
century,1339
east,1339
central,1338
entertainment,1338
daily,1335
french,1334
drive,1331
season,1331
tournament,1330
nation,1329
step,1327
skill,1327
single,1325
beat,1324
large,1321
park,1320
stay,1312
black,1310
notice,1307
performance,1302
adult,1302
birth,1290
australian,1280
die,1279
leader,1278
message,1277
staff,1275
select,1274
past,1273
navigation,1272
opportunity,1272
key,1269
pay,1263
quote,1260
asia,1257
mission,1253
choose,1253
eye,1253
hard,1246
speak,1242
worksheet,1242
produce,1240
bill,1238
climate,1237
champion,1236
craft,1235
easy,1235
tree,1228
size,1223
quality,1219
personal,1216
improve,1215
david,1207
faq,1206
due,1205
sound,1205
accord,1204
application,1202
mystery,1202
red,1195
understand,1191
letter,1189
hit,1187
score,1184
oil,1173
bank,1172
production,1172
loss,1171
hear,1170
hurricane,1169
trump,1168
stand,1167
labor,1165
side,1163
double,1162
cook,1162
stop,1159
disney,1159
paint,1157
rise,1153
skip,1151
reference,1149
middle,1146
dog,1142
race,1136
solution,1134
happen,1133
plant,1131
author,1130
europe,1130
credit,1125
rat,1125
practice,1124
shoot,1122
advance,1116
net,1115
cooky,1114
html,1113
kill,1113
association,1110
miss,1110
ancient,1107
foundation,1106
master,1105
green,1099
fund,1095
educational,1091
rock,1089
london,1087
usa,1086
schedule,1079
adventure,1077
democracy,1073
boy,1071
edition,1070
committee,1070
fix,1069
golf,1067
disease,1067
growth,1063
percent,1063
minister,1060
medical,1057
british,1053
modern,1051
kind,1047
apply,1045
table,1042
remain,1042
injury,1040
washington,1035
figure,1034
room,1034
ocean,1032
attack,1031
tech,1031
lesson,1027
voice,1026
boat,1026
ship,1025
classic,1024
european,1024
engineer,1023
zealand,1019
garden,1018
mind,1017
discover,1015
sell,1013
billion,1012
export,1011
enjoy,1011
road,1008
exchange,1007
pdf,1006
director,1005
variety,1001
limit,1000
monday,997
advertise,996
nature,993
survey,992
jam,992
foreign,991
economy,991
goal,988
purchase,987
host,986
grant,985
cut,984
subject,984
range,982
aid,981
safe,980
item,979
department,977
increase,976
quiz,972
artist,971
fish,971
street,969
grand,969
region,967
amazon,967
economic,963
describe,959
statement,957
risk,956
publication,953
son,950
california,948
pick,943
gas,937
weather,936
edit,936
simple,934
financial,933
auction,932
serve,931
low,931
communication,930
matter,928
episode,927
mother,927
happy,923
radio,921
institute,921
character,919
super,916
bid,914
import,914
smith,912
sky,911
cancer,904
lincoln,903
saturday,902
blue,902
period,901
drug,900
heart,897
reason,895
amount,893
theme,892
capital,891
effect,887
union,887
ash,887
specie,885
analysis,883
african,883
song,882
robert,881
distribution,878
spring,878
submit,877
fly,876
prime,876
protect,875
sunday,873
involve,871
chinese,869
michael,868
brain,868
hotel,866
moon,865
favorite,865
mix,864
conference,864
coach,862
perform,860
legal,859
apple,856
count,856
shape,856
knowledge,854
log,851
expert,851
college,848
half,848
drop,846
piece,845
warn,845
motion,844
teen,844
structure,840
addition,840
journal,839
chief,837
seek,836
forest,835
pro,835
scientist,835
express,835
private,835
river,833
environmental,832
fan,830
true,829
consumer,828
centre,827
studio,826
cool,826
magazine,824
description,824
civil,823
unit,823
dress,822
youth,820
doctor,820
western,818
politics,817
ice,816
indie,815
police,811
login,806
exercise,805
fast,805
quick,803
cake,803
urban,803
inside,800
remember,800
germany,799
division,796
fill,796
father,795
object,795
pregnancy,795
basic,793
wind,792
trip,791
dream,788
ready,786
walk,786
spot,785
impact,784
planet,781
cross,781
grind,781
commercial,780
spend,779
zone,779
opinion,778
cost,778
flag,777
copy,776
bad,776
egypt,775
southern,775
kong,774
gold,771
ball,770
god,770
israel,770
largest,769
egg,768
expect,764
display,759
france,757
virtual,756
reader,755
ring,755
ten,753
cat,752
coast,752
campaign,751
property,751
concern,749
shirt,749
facility,747
roll,746
straight,745
operation,745
seed,742
method,741
wildlife,740
choice,740
late,739
length,736
birthday,735
sugar,734
acronym,734
fourth,732
clothe,730
johnson,728
equipment,726
dinosaur,726
drink,724
japan,723
battle,723
dollar,723
decide,718
healthy,718
creative,717
estimate,717
longer,716
rest,716
san,715
microsoft,714
williams,714
clear,713
prepare,713
thanksgiving,713
airport,712
listen,712
manage,712
hundred,711
texas,709
highest,706
famous,706
winter,706
slam,704
county,704
machine,701
dead,701
competition,701
profile,700
load,699
subscription,699
block,699
wear,698
hong,697
football,696
geography,694
celebrate,694
northern,693
captain,691
engine,689
speech,689
chance,689
academy,688
thousand,686
secret,686
position,685
average,685
victory,682
mary,682
fitness,676
strategy,675
interview,675
halloween,675
factbook,675
volunteer,674
interactive,673
lake,673
kingdom,672
hospital,672
solar,670
innovation,670
theory,670
branch,668
arm,668
fashion,667
domain,664
effort,664
browser,664
extension,661
advice,660
league,660
hide,660
speed,659
instrument,658
foot,658
flight,658
george,657
hot,657
bowl,657
literature,656
movement,655
insurance,652
saint,651
judge,651
poker,651
royal,649
difference,647
workshop,647
und,646
statistic,646
marine,645
directory,643
santa,642
festival,640
surface,640
wide,640
browse,639
roman,638
greek,636
town,636
globe,634
stuff,634
investment,632
supply,632
strong,631
gain,631
bag,630
direction,630
constitution,628
pacific,628
rain,627
discussion,626
function,626
storm,626
bar,625
format,624
morning,623
experiment,622
pass,621
carry,620
treat,620
martin,619
budget,618
target,616
square,616
stick,615
exhibition,615
podcast,615
dvd,614
front,614
exhibit,614
latin,614
instruction,613
registration,612
script,609
magic,609
protection,608
memory,606
vision,605
philosophy,604
writer,603
station,601
authority,601
screen,600
degree,597
wait,595
scientific,595
bat,595
unique,594
farm,594
moment,594
accessory,593
religion,593
finish,593
identify,592
pound,592
stage,590
catch,590
fruit,589
fine,588
explain,587
burn,586
clean,586
mile,585
pattern,581
peace,581
session,580
animation,579
discovery,579
technical,577
hall,577
definition,575
fit,575
jump,573
quotation,572
measurement,571
sheet,571
german,570
telephone,568
paul,568
treatment,568
pressure,567
relationship,567
affair,566
reduce,566
patient,566
fuel,565
satellite,564
diet,564
peter,564
lab,564
sex,564
william,564
traditional,564
electronic,564
beach,563
perfect,563
defense,563
recommend,562
wife,562
fair,562
capacity,561
equal,561
auto,560
label,560
cultural,558
italy,558
forward,556
wood,556
worker,556
audio,555
mountain,555
tale,555
currency,555
introduction,553
lord,552
kite,552
fear,551
classroom,550
graphic,549
pet,549
excite,549
avoid,548
cell,548
contest,547
nutrition,547
hat,546
russia,546
factor,546
additional,546
monitor,545
situation,544
dark,544
transportation,544
raise,543
sector,543
educator,542
physic,542
kit,541
mexico,541
database,541
physical,540
sleep,539
origin,538
multiple,538
weekend,537
thomas,536
package,536
journey,534
freedom,534
trust,533
determine,532
ratio,532
door,532
geographic,531
cream,531
forget,530
bahamas,530
stream,529
wall,529
biography,528
musical,528
channel,528
divide,527
sense,526
pre,525
hill,525
damage,525
charles,524
bed,523
florida,522
leadership,522
trick,522
spell,521
touch,521
gmt,519
squash,519
visitor,518
farmer,518
junior,517
collect,517
domestic,517
pop,517
positive,516
locate,516
sort,516
expand,516
custom,515
cycle,514
ton,514
active,513
secure,513
los,512
brother,511
mass,511
spanish,510
employment,510
gov,510
candy,509
chapter,509
cloud,509
construction,509
entire,509
poem,507
toy,507
wave,507
tsunami,507
traffic,505
heat,505
bake,504
bridge,504
edge,501
primary,500
flower,500
ray,499
sweet,498
flash,496
attempt,495
easter,495
encourage,493
suite,492
mike,490
demand,489
fox,487
deep,487
nasa,486
theater,485
horse,485
spread,485
similar,485
calculator,483
solve,483
beautiful,482
prize,481
conduct,480
clock,480
georgia,479
christian,478
aircraft,478
concept,476
element,476
commission,475
wild,475
handle,474
rio,473
scale,473
regular,473
arcade,473
status,472
canadian,472
root,471
progress,471
guy,470
band,470
circle,468
historical,468
senior,468
brown,467
cookie,467
conservation,466
earn,466
nuclear,466
critical,465
stone,465
mumbai,465
independence,464
castle,464
scotland,461
higher,461
turkey,459
delivery,458
television,458
lifestyle,458
giant,458
balance,457
blood,457
button,455
daughter,455
fat,454
conflict,454
combine,454
korea,452
smoke,452
javascript,450
visual,450
chris,449
threaten,448
territory,447
pack,447
prevent,446
administration,446
boundary,446
tom,446
bob,445
transfer,445
ride,443
throw,443
espa,443
asian,442
shoe,441
tag,441
inn,440
pull,440
organize,439
lie,439
illustrate,439
partnership,439
richard,439
profit,438
wire,437
anti,437
essential,437
suit,436
gender,435
andrew,435
snow,435
debate,433
fairy,433
extra,433
mouse,433
animate,432
discount,432
corporation,431
cast,430
abc,430
eastern,430
respect,430
spirit,429
jack,429
sample,429
taylor,428
dan,427
italian,427
decade,427
crime,426
medicine,425
wrong,425
warm,425
gun,424
anderson,424
tradition,424
endanger,423
selection,423
agriculture,423
attention,423
inch,422
soccer,422
mental,422
appoint,420
dot,420
disaster,419
emergency,419
golden,418
arrive,418
violence,418
joseph,417
greater,417
religious,416
guinea,416
dry,415
command,413
leaf,413
butter,412
procedure,411
legend,411
guardian,410
infection,410
brazil,410
russian,409
wonderful,409
bay,409
hair,408
earthquake,408
britain,408
truck,408
aviation,408
seal,407
percentage,407
port,407
henry,407
edward,406
curriculum,406
van,405
attend,405
valley,405
mine,405
mom,404
chart,404
maker,404
rich,403
automotive,403
toronto,402
programme,402
couple,401
separate,401
push,400
biology,400
developer,400
church,400
cartoon,400
del,400
hunt,399
dictionary,398
poetry,398
external,398
dice,398
beauty,397
dispute,396
hole,396
row,396
andy,395
friendly,395
district,394
encyclopedia,392
paris,392
temperature,392
provider,391
core,391
preview,390
milk,390
rescue,390
restaurant,389
poor,389
camera,388
ballet,388
joke,387
powerful,387
funny,385
zoo,385
hop,383
glass,383
getty,383
daniel,382
principle,382
historic,382
certify,380
chicago,379
fresh,379
stem,379
adopt,379
yahoo,378
ghost,378
modify,378
delhi,378
pretty,377
lady,376
monster,376
calculate,376
background,375
blow,375
afghanistan,373
academic,373
alternative,372
distance,372
php,372
feed,371
honor,371
smaller,370
congress,370
creation,370
classical,369
tiger,369
essay,369
wing,368
adam,368
congo,368
lee,367
editorial,367
quarter,365
illness,364
cold,363
victim,363
kitchen,363
angeles,362
scene,362
empire,360
multi,360
virginia,360
chair,360
carrier,360
sing,359
path,359
correct,359
chemistry,359
scott,359
volume,358
japanese,357
rid,357
spain,356
don,356
universal,355
transport,355
skin,355
rope,355
worry,355
creature,354
hiv,354
grass,354
assembly,354
coordinate,354
frame,354
reality,354
bell,354
sexual,352
greatest,351
biggest,351
estate,350
opponent,350
husband,350
salt,348
outdoor,348
tutorial,348
angel,348
weekly,348
coin,348
assistance,347
convention,347
manufacture,347
belt,347
patrick,346
bug,346
egyptian,346
industrial,346
jersey,346
weapon,345
corner,345
celebrity,345
alaska,344
heavy,344
queen,344
artificial,344
timeline,344
bone,343
gear,343
butterfly,342
worldwide,341
improvement,341
jewelry,341
assessment,341
printable,340
architecture,340
village,339
presidential,339
spin,339
stress,338
valentine,338
veda,338
invite,337
campbell,337
chemical,336
pin,336
pregnant,336
pair,336
atlantic,336
fiction,336
silver,335
accident,335
designer,334
hero,334
propose,334
pie,334
trouble,333
apps,333
duty,333
greece,333
newspaper,332
pas,332
jones,332
maintenance,332
fighter,332
owl,332
yellow,331
cotton,331
laptop,331
plot,331
orange,331
ontario,330
trail,330
troop,330
laboratory,329
disorder,329
random,328
reaction,328
argentina,328
headline,327
permanent,327
negative,327
desire,326
rhyme,326
ornament,325
floor,325
tap,325
comic,325
fellow,325
arab,325
chat,325
heritage,324
symbol,324
advantage,324
buzz,323
universe,323
destination,323
coffee,323
felt,322
nut,322
meal,322
cabinet,321
sydney,321
theatre,321
colour,321
virus,320
insect,320
dad,320
perspective,320
ben,319
iphone,318
native,318
confidence,318
fossil,317
flood,317
jew,316
steal,316
lion,316
beaver,316
poster,315
jewish,315
photograph,314
behavior,314
plastic,314
loan,314
clay,314
metal,313
belief,313
npr,312
counsel,312
volcano,311
harry,311
chicken,310
lift,310
assist,310
janeiro,310
evolution,309
hang,309
trailer,309
compute,309
homework,309
spider,308
carbon,308
ear,308
identity,308
prince,308
celebration,308
nice,307
kim,307
cap,307
bully,307
crew,306
abuse,306
column,306
catalog,306
explorer,305
hurt,305
sight,304
medieval,303
fantasy,303
dental,302
caribbean,302
bottle,302
pyramid,302
mid,302
literacy,302
rare,302
height,301
clip,301
dancer,301
warner,301
strength,300
inform,300
hughes,300
pain,299
poll,299
gross,299
reward,298
compete,297
proper,297
charity,296
civic,296
contemporary,296
carolina,296
davis,295
tutor,295
secretary,295
grey,294
permit,294
rural,294
migration,294
mathematics,294
sister,294
trace,294
convert,293
string,292
hunter,292
grammar,292
crowd,291
alert,291
fran,291
organic,291
trivia,291
truth,290
plain,290
victoria,289
twenty,289
cruise,289
albanian,288
graduate,288
regulation,288
den,288
multimedia,288
dive,287
comedy,287
princess,286
photography,286
glossary,286
plate,286
freeze,286
irish,286
admission,285
diversity,285
portrait,285
childhood,285
fraction,285
switzerland,284
anthony,284
invention,284
coat,283
quicktime,283
deposit,282
cash,282
arrow,281
jail,281
guess,280
prevention,280
alphabet,279
summary,279
settle,279
papua,278
portal,277
elementary,277
leg,277
ingredient,276
transition,276
jim,275
illegal,275
meter,274
revolution,274
pan,274
guard,274
basketball,274
tire,273
dinner,273
dangerous,273
landscape,273
desert,273
ali,273
frank,272
crossword,271
bicycle,271
spy,270
soldier,270
mistake,270
specialist,269
mode,269
jackson,269
agricultural,269
extreme,268
retirement,268
infant,268
faith,268
recognition,267
preschool,267
kidshealth,267
uganda,267
tropical,266
sail,266
educate,266
liberty,266
swim,266
dig,266
secondary,266
civilization,266
mount,265
memorial,265
drama,264
elizabeth,264
boot,264
soil,263
container,263
filter,263
jacket,263
arctic,262
printables,262
expression,261
czech,261
tiny,261
tune,261
sentence,261
dozen,261
bright,260
depth,260
worst,260
ambassador,260
moore,259
patent,259
astronomy,259
crown,258
iron,258
allergy,258
passenger,258
escape,258
rental,257
vacation,257
wash,257
android,256
wale,256
marry,256
crop,255
strip,255
max,255
reform,254
preparation,254
flat,254
tough,254
manner,254
dragon,253
arthur,253
marriage,253
translation,253
narrow,253
sustainable,253
bomb,253
sand,253
rabbit,253
coastal,252
professor,252
odds,251
quantity,251
illinois,250
flashcard,250
decorate,250
breed,250
clipart,250
unknown,250
delight,250
actor,250
logic,250
mali,249
tail,249
chain,249
habitat,248
nick,248
din,248
drum,248
knock,248
boston,247
entertain,247
pure,246
lecture,246
friendship,246
counter,246
sacrifice,245
columbia,245
everyday,245
recovery,245
conversation,245
shock,244
tape,244
proud,244
calorie,244
pip,243
smile,243
split,243
finger,243
julian,243
vitamin,242
phase,242
tower,240
campus,240
lightning,240
olympics,240
nursery,240
therapy,239
breakfast,239
chile,239
poland,239
sir,238
scottish,238
folk,238
kick,238
trans,238
francisco,238
dynamic,238
tim,238
decline,237
evaluation,237
lunch,237
liquid,236
upset,236
colorado,236
interaction,236
joint,235
pollution,235
peer,235
conversion,235
lego,235
remote,234
expectancy,234
vegetable,234
brian,234
recycle,234
intellectual,233
favourite,233
donor,233
inhabitant,232
corp,232
alive,232
jet,231
chase,231
miami,231
competitive,230
arabia,230
fell,230
sculpture,230
sum,230
preserve,230
younger,229
spinner,229
tornado,229
mouth,229
repeat,229
costume,229
neighbor,228
alcohol,228
toe,227
mexican,227
spark,227
myth,227
knight,227
hazard,226
pool,226
dutch,226
climb,225
sam,225
governor,225
panama,224
ant,224
crazy,224
frog,223
pal,223
tube,223
lowest,223
simon,222
archaeopteryx,222
mineral,222
awareness,222
rice,222
favor,222
publisher,221
builder,221
treasure,220
teeth,220
horn,219
grain,219
diabetes,219
norway,219
rocket,219
desktop,219
hip,218
pharmacy,218
jane,218
fury,218
certification,218
vintage,218
scholarship,218
exploration,218
michigan,218
elephant,217
jazz,217
laugh,217
iraq,216
strange,216
appearance,216
creativity,216
fold,216
atmosphere,215
transmission,215
falcon,215
carefully,215
occasion,215
multiplication,214
boris,214
pig,214
peru,214
emotion,214
fundamental,214
fred,213
illustration,213
examine,213
advisory,213
emotional,213
vocabulary,212
substance,212
settlement,212
translate,212
disability,211
relax,211
accuse,211
wake,211
transform,211
pose,211
concert,211
expedition,210
bath,210
turtle,210
cheese,210
plane,210
engagement,210
collaboration,210
java,210
diy,209
malaysia,209
bond,209
acquire,209
consecutive,209
feather,209
literary,209
belize,208
operator,208
adelaide,208
ministry,208
peanut,208
innovative,208
mirror,207
gene,207
strawberry,206
bonus,206
embassy,205
nest,205
diamond,205
criminal,205
robin,205
pennsylvania,205
dish,204
beginner,204
array,204
achievement,204
font,204
lock,204
soul,203
alice,203
variable,202
wolf,202
pink,202
lung,202
cellular,202
pic,202
pot,202
lyric,202
maze,202
blogger,201
cape,201
solid,200
knife,200
pocket,200
medal,200
mask,200
classify,200
bread,200
amateur,200
stretch,199
jerry,199
maritime,199
bee,199
blu,199
symptom,199
temple,199
prompt,198
revise,198
colombia,198
whale,198
autumn,198
scout,197
coastline,197
minimum,197
costa,197
miller,197
internship,197
suspect,197
observation,197
turkish,197
cow,196
cod,196
highway,196
candle,196
outreach,196
robot,196
doll,195
solomon,195
electrical,195
scam,195
tourism,195
carol,195
genre,195
census,194
disk,194
elevation,194
tension,194
artwork,194
pen,194
commonly,194
forecast,193
evaluate,193
spectrum,193
ken,193
eagle,193
phil,193
fifty,193
poet,193
province,193
specimen,192
glue,192
christopher,192
steel,192
morgan,191
acid,191
railway,191
harvest,191
pole,191
evil,191
meat,190
summit,190
ecuador,189
muscle,189
alien,189
bible,189
bookmark,189
interior,189
faster,188
exam,188
athlete,188
pride,188
luck,188
maximum,188
diary,188
bubble,187
hanukkah,187
properly,187
francis,187
sixth,187
incredible,187
haunt,187
minor,187
oscar,186
tobacco,186
wright,186
proposal,186
sue,186
noise,184
rogers,184
labour,184
andre,184
equivalent,184
subtraction,183
esl,183
excellence,183
radiation,183
southeast,183
reef,183
shadow,183
formula,183
parade,182
postcard,182
luther,182
sick,182
antique,182
colony,182
danger,182
scan,182
reject,182
monkey,182
scholar,182
steven,182
jason,182
pumpkin,181
busy,181
ceremony,181
tea,181
instructor,181
contrast,181
shake,181
charter,181
argue,181
counselor,180
generator,180
curious,180
belgium,179
baker,179
jeff,179
recommendation,179
snack,178
atlanta,178
continent,178
yard,178
atlas,178
outstanding,178
sink,178
joy,178
victor,178
imagination,178
renaissance,178
pit,177
explanation,177
mercury,177
cigarette,177
alexandria,177
baseball,177
angry,176
python,176
supplement,176
nonprofit,176
enchant,176
immigration,176
behaviour,176
tony,176
praise,176
louis,176
ram,175
gray,175
variation,175
jacob,175
mythology,175
arrange,175
documentary,175
outcome,174
employ,174
segment,174
toddler,173
ecosystem,173
lemon,173
lewis,173
mill,173
sad,173
quest,173
fraud,172
abroad,172
matthew,172
wise,172
neighborhood,171
handbook,171
comfort,171
constant,171
concrete,171
mixture,171
relief,171
confuse,170
criticism,170
amend,170
anne,170
beast,170
knee,169
coral,169
honey,169
diagnosis,169
pioneer,169
resume,169
sarah,169
span,169
abstract,169
breathe,168
snake,168
habit,168
ada,168
template,168
heal,168
sustainability,168
keyboard,167
sequence,167
duck,167
humor,167
snap,167
crack,167
telescope,166
vertical,166
circuit,166
cord,166
venus,166
shark,166
seize,166
pudding,165
confident,165
numeral,165
twin,165
bore,165
kiwi,164
nova,164
banana,164
clark,164
artistic,164
fort,164
phoenix,164
bedtime,164
hub,163
oman,163
anger,163
ann,163
adapt,163
celtic,163
juice,162
anonymous,162
demonstration,162
indigenous,162
bean,162
paragraph,162
organ,162
terrorism,162
eve,162
columbus,161
coco,161
cry,161
sin,161
mess,161
atom,161
luxury,160
neck,160
mechanic,160
seattle,160
coal,160
brush,160
afternoon,160
lucky,160
collector,160
geological,159
houston,159
palace,159
attach,159
absolute,159
phenomenon,159
enemy,159
rod,158
recreation,158
finalist,158
poison,158
attribute,158
tall,158
berlin,158
cheap,158
restrict,158
penguin,158
allen,158
mammal,157
wishlist,157
attitude,157
decoration,157
bush,157
suppose,157
harvard,157
drag,157
binary,156
powder,156
prayer,156
gate,156
arrival,156
mediterranean,156
glacier,155
potato,155
dear,155
chrysler,155
phrase,155
consequence,155
ohio,155
rica,154
patch,154
potter,154
cop,154
oral,154
grab,154
foster,154
helen,154
till,153
galaxy,153
marijuana,153
dna,153
twelve,153
punch,153
fate,153
hybrid,153
communicate,153
protein,152
venture,152
salvador,152
odd,152
rainforest,152
integration,152
affordable,152
bless,152
indiana,152
baltimore,152
abraham,151
slice,151
shell,151
hate,151
kentucky,151
rapid,150
obesity,150
corn,150
massachusetts,150
mad,150
simulation,149
pooh,149
expensive,149
largely,149
blackbird,148
optical,148
fundraise,148
arabic,148
deserve,148
wooden,147
depression,147
aurora,147
sweep,147
rom,147
swiss,146
monica,146
addiction,146
oregon,146
scandal,146
ward,146
aware,146
spiritual,146
maryland,146
decimal,145
clause,145
albert,145
transformation,145
dip,144
transgender,144
leap,144
automobile,144
seasonal,144
lover,144
angle,144
grid,144
arc,144
doc,143
cubic,143
fortune,143
probability,143
horizontal,143
stuart,143
outline,143
teenager,143
personalize,143
han,143
portfolio,143
principal,143
manuscript,143
impossible,142
polar,142
howard,142
biological,142
warren,142
reindeer,141
magnetic,141
anna,141
bow,141
arizona,141
inland,140
renewable,140
lodge,140
pump,140
metric,140
lunar,140
monarch,140
soviet,140
bend,140
dawn,140
tone,140
benjamin,140
cheat,140
predict,140
railroad,139
kitty,139
antarctica,139
anxiety,139
mathematical,138
amy,138
tic,138
kindergarten,138
ruler,138
burma,138
borrow,138
esteem,138
thin,138
discharge,137
unesco,137
wreath,137
gem,137
genetic,137
governance,137
biodiversity,137
shield,137
conclusion,137
greet,137
steam,136
kazakhstan,136
gay,136
basket,136
scary,136
barbara,136
economics,136
musician,136
guidance,135
brisbane,135
penny,135
polish,135
jigsaw,135
prediction,135
philadelphia,135
rip,135
stamp,135
opposite,135
nelson,135
wisconsin,135
tribe,135
clinic,134
karen,134
emily,134
passage,134
samuel,134
glove,133
fault,133
radar,133
magical,133
difficulty,133
seventh,133
processor,133
cute,133
graham,132
frequency,132
cure,132
guatemala,132
survival,132
blind,132
northwest,132
transcript,132
christ,132
grace,132
lane,132
pest,131
swing,131
antarctic,131
disneyland,131
barrier,131
sheep,131
pizza,131
daylight,131
float,131
psychology,131
smooth,131
ribbon,130
tourist,130
dave,130
charitable,130
tac,130
craig,130
query,130
ross,130
walter,130
shut,130
cherry,129
attraction,129
illusion,129
curve,129
fake,129
eco,129
prep,129
convey,129
ensemble,129
demo,128
checker,128
troll,128
dough,128
whip,128
dolphin,128
dimension,128
triangle,128
bacteria,127
infrared,127
punishment,127
showcase,127
twist,127
lisa,127
childrens,126
advocacy,126
recruit,126
superior,126
archaeology,126
happiness,126
mph,125
hobby,125
bunny,125
frost,125
lend,125
opera,125
russell,125
trainer,125
shore,124
assignment,124
jimmy,124
sterling,124
walker,124
suicide,124
hood,123
maldives,123
squirrel,123
flip,123
hey,123
afraid,123
honest,123
balloon,122
severe,122
agglomeration,122
nutrient,122
philip,122
catalogue,122
jar,122
medication,121
correspond,121
vol,121
hawaii,121
mentor,121
thief,121
cyber,121
atomic,121
drill,121
perpetual,120
shelter,120
jelly,120
purple,120
temporary,120
slot,120
killer,120
fracture,120
mechanical,119
algorithm,119
iceland,119
portable,119
jonathan,119
dust,119
align,119
wellness,119
connecticut,119
berkeley,119
kelly,119
companion,119
highland,119
peak,118
oklahoma,118
peninsula,118
creek,118
sachs,118
nose,118
chef,118
swift,118
wizard,118
heaven,118
minnesota,118
mall,118
adjacent,118
painter,118
franklin,118
photographer,118
islam,117
indoor,117
soda,117
pirate,117
parallel,117
funeral,117
tailor,117
prisoner,116
tennessee,116
appliance,116
particle,116
hangman,116
outdoors,116
decrease,116
showtime,116
scheme,116
wisdom,116
actress,116
invitation,116
banner,116
portuguese,116
gang,116
beef,115
alphabetical,115
gps,115
overnight,115
oven,115
gravity,115
narrative,115
susan,115
classification,115
turner,115
palm,114
guestbook,114
clownfish,114
hampshire,114
merchant,114
manchester,114
jesus,114
dump,114
fever,114
rainbow,114
execution,113
homemade,113
maiden,113
kate,113
looney,113
hockey,113
verse,113
linda,113
volcanic,113
overseas,113
lauren,113
spam,113
compound,112
syndrome,112
graph,112
yoga,112
detective,112
dean,111
tissue,111
sock,111
pentagon,111
mummy,111
scratch,111
cam,111
herbert,111
yield,111
emperor,111
collective,111
ecology,111
undergo,111
bruce,111
devil,111
collectible,111
puppy,110
equation,110
nebraska,110
skirt,110
optic,110
shower,110
therapist,110
usgs,110
machinery,110
scar,110
implication,110
eighth,110
comparative,110
wound,110
moral,110
buddy,109
shelf,109
turk,109
electron,109
conquer,109
decor,109
keywords,109
purim,109
reptile,109
nail,109
suitable,109
residential,109
scramble,109
marvel,109
webmaster,109
notation,108
trigger,108
robinson,108
restoration,108
wheat,108
apartment,108
dwell,108
pine,108
rex,108
digit,108
pilgrim,108
hike,108
guitar,108
dare,108
concentration,107
mosquito,107
towel,107
rocky,107
breath,107
intel,107
rhythm,106
pipe,106
prefix,106
frustrate,106
skipper,106
dakota,106
merit,106
duncan,106
bull,106
glory,105
casual,105
width,105
kiss,105
median,105
southwest,105
canvas,105
thesaurus,105
poultry,105
brave,105
canyon,105
dirty,104
hamilton,104
ufo,104
glad,104
obituary,104
multiply,104
philosopher,104
bloomberg,103
dominant,103
harbor,103
northeast,103
sharon,103
nightmare,103
kansa,103
elf,103
bounce,103
axis,103
ruiz,102
silly,102
tommy,102
ivory,102
disappoint,102
wow,102
cumulative,101
recital,101
crust,101
mushroom,101
eddie,101
uniform,101
reflection,101
downtown,101
pope,101
utah,101
polo,101
invasion,101
oak,100
loud,100
sharp,100
testimony,100
grandparent,100
thrive,100
worm,100
missouri,100
persian,100
billy,100
regain,99
storybook,99
submarine,99
dame,99
fancy,99
pat,98
pad,98
laura,98
nicaragua,98
moscow,98
spiral,98
ottawa,98
goat,98
noble,98
ugly,97
ted,97
halt,97
cent,97
ruin,97
glow,97
donkey,96
idaho,96
algebra,96
longitude,96
extraordinary,96
norman,96
acre,96
cleveland,96
mickey,96
merry,96
inequality,96
pigeon,96
rover,95
alabama,95
robotics,95
transit,95
berry,95
madagascar,95
clinton,95
stable,95
sting,95
spice,95
sara,95
bracelet,95
tick,95
safari,94
sunset,94
aquarium,94
guam,94
bengal,94
fluid,94
graf,94
perth,94
imperial,94
cabin,94
lawrence,94
aboriginal,94
tow,93
prescription,93
cluster,93
geometry,93
midway,93
amuse,93
explode,93
jon,93
assemble,93
youngest,93
che,93
undergraduate,93
popularity,93
buddhist,93
progressive,93
clever,93
hungry,92
helmet,92
ivoire,92
multiplayer,92
forestry,92
brotherhood,92
sword,92
joan,92
genetics,92
frontier,92
scream,91
saturn,91
maine,91
swedish,91
smash,91
childbirth,91
folktale,91
brook,91
feast,91
witch,91
sans,91
hindi,90
onion,90
asthma,90
brownie,90
goose,90
bobby,90
alarm,90
toss,90
beg,90
nicholas,90
noun,90
riddle,90
terrible,90
revision,89
lawn,89
dairy,89
jungle,89
simplify,89
diagram,89
romance,89
backpack,89
nyc,89
catherine,89
spray,89
adjective,89
tongue,89
fable,89
curiosity,89
periodic,88
tooth,88
converter,88
mayor,88
equality,88
bulb,88
immigrant,88
pearl,88
hawk,88
vista,88
talented,88
colorful,88
magna,87
canoe,87
withdrawal,87
ski,87
cheer,87
magnet,87
dallas,87
darwin,87
perception,87
grocery,87
boom,87
correctly,87
edgar,87
soap,87
cooper,87
suck,87
bye,87
montana,87
leisure,86
snowman,86
skeleton,86
predator,86
jupiter,86
notable,86
farewell,86
arbor,86
proportion,86
regulatory,85
traveller,85
tobago,85
cote,85
planner,85
tar,85
rear,85
divorce,85
chill,85
terminology,85
shed,85
martha,85
plateau,85
traveler,85
arrangement,84
annually,84
implant,84
carta,84
asteroid,84
rugrats,84
firework,84
jay,84
distinct,84
geology,84
neglect,84
dam,83
starter,83
sensitive,83
picnic,83
dietary,83
winnie,83
throat,83
immune,83
miguel,83
reception,83
notebook,83
iowa,83
ethical,83
sketch,83
hunger,83
triple,83
smithsonian,83
allan,83
carter,83
eleven,82
jury,82
extinct,82
continuously,82
esther,82
emu,82
cathedral,82
cdc,82
scatter,82
shakespeare,82
simulator,82
crow,82
meaningful,82
continuous,82
combo,82
verb,82
pill,82
ore,82
servant,81
cairo,81
marble,81
cone,81
sore,81
worship,81
johnny,81
eine,81
clown,81
webster,81
pixel,81
circus,81
wilder,81
beam,81
geospatial,80
nancy,80
chanukah,80
panda,80
pesticide,80
dyslexia,80
hebrew,80
sphere,80
luna,80
comprehension,80
finest,80
raid,80
tuition,80
priest,80
tomato,79
tractor,79
claus,79
sunshine,79
rebellion,79
teaser,79
archer,79
spike,79
hindu,79
mississippi,79
badge,78
nevada,78
maternity,78
dodge,78
preschooler,78
hopkins,78
amanda,78
victorian,78
advisor,78
hare,78
makeup,78
nile,78
thumb,78
govt,78
canterbury,77
keen,77
polynesia,77
microscope,77
ska,77
leo,77
dwarf,77
clan,77
nervous,77
cooperative,77
louisiana,77
cane,77
neil,77
subtract,76
oxygen,76
puberty,76
autism,76
iucn,76
vermont,76
anthology,76
thirty,76
grove,76
grimm,76
tease,76
voyage,76
needle,75
danish,75
apollo,75
apache,75
cocoon,75
shah,75
greenwich,75
gravel,75
rotation,75
isi,75
trustee,75
stranger,75
ink,75
grateful,75
jefferson,75
ipad,75
chuck,74
astronaut,74
workforce,74
locket,74
moth,74
montserrat,74
comet,74
peregrine,74
wag,74
athens,74
ebooks,74
wonderland,74
blade,74
playground,74
chew,74
prop,74
fur,74
sailor,74
uncle,74
adaptation,74
shortage,73
headache,73
nerve,73
behave,73
wagon,73
hose,73
pillow,73
ham,73
charlotte,73
tomb,73
notion,73
ambition,73
cube,73
wgbh,73
racism,73
underground,73
distress,73
deer,73
arnold,73
rainy,72
contrary,72
nevis,72
ornithopter,72
barbie,72
grief,72
cousin,72
plunge,72
advancement,72
surf,72
piano,72
crayon,71
lizard,71
fare,71
popcorn,71
wetland,71
patience,71
migrate,71
floral,71
sack,71
illustrator,71
una,71
heel,71
physicist,71
librarian,71
snowflake,70
saxon,70
pond,70
dispatch,70
ladder,70
precious,70
jill,70
bingo,70
niagara,70
anglo,70
baron,70
hugh,70
lottery,70
roller,70
reed,70
hollow,70
pronunciation,70
jeremy,70
raptor,69
subaru,69
fernando,69
kenneth,69
meadow,69
buffalo,69
arkansas,69
gesture,69
shuttle,69
filmmaker,69
extinction,69
monk,69
genealogy,69
grandma,69
gif,69
neighbour,69
sanskrit,68
citrus,68
snail,68
twilight,68
pork,68
kilometer,68
confederate,68
wax,68
veggie,68
wander,68
resist,68
wicked,68
supervise,68
bookstore,68
pharaoh,68
myers,68
lang,68
altitude,68
explosion,68
chick,67
pepper,67
erupt,67
kidney,67
marshmallow,67
buddhism,67
lantern,67
psychologist,67
carpet,67
addict,67
logout,67
foil,66
thai,66
dentist,66
jaguar,66
prairie,66
muffin,66
oceania,66
allergic,66
millennium,66
norwegian,66
coordination,66
lonely,66
invader,66
nazi,66
composer,66
conspiracy,66
anatomy,66
karl,66
lucy,66
preservation,66
ruth,66
drift,66
scot,65
sweat,65
wiki,65
applet,65
ebook,65
developmental,65
grieve,65
dock,65
plum,65
grandfather,65
loyalty,65
shy,65
lade,65
pupil,65
noah,65
ont,65
organizational,64
handy,64
scooter,64
grandmother,64
oval,64
spongebob,64
kitten,64
burst,64
thermal,64
urdu,64
sunny,64
roar,64
arithmetic,64
manor,64
hank,64
brooklyn,64
mold,64
goddess,64
sudden,64
conception,64
magnitude,64
yale,64
decay,64
trek,64
boyfriend,64
hypothesis,64
tart,64
mood,64
kathy,64
interval,63
armstrong,63
danny,63
wilderness,63
belinda,63
caterpillar,63
beta,63
fisher,63
minus,63
lazy,63
barnes,63
europa,63
aquatic,63
royalty,63
comb,63
gum,63
hatch,62
saskatchewan,62
buddha,62
antibiotic,62
theodore,62
amsterdam,62
viking,62
gentleman,62
tenth,62
wit,62
slay,62
romantic,62
annie,62
eugene,61
cutter,61
settler,61
adidas,61
custody,61
flexibility,61
spoon,61
cereal,61
stomach,61
sandal,61
logical,61
tribal,61
mourn,61
carroll,61
dell,61
renowned,61
teddy,61
maya,61
garland,61
doo,61
resilience,61
organism,60
justify,60
gram,60
blueberry,60
millimeter,60
aryan,60
clique,60
seuss,60
etymology,60
bambi,60
cater,60
forty,60
backwards,60
groom,60
quebec,60
cope,60
homeschool,60
hive,60
circular,59
pathway,59
diameter,59
lace,59
mole,59
racquet,59
roosevelt,59
hubble,59
himalaya,59
mermaid,59
blanket,59
mic,59
dick,59
plague,59
bang,59
youngster,59
hudson,59
princeton,59
weed,59
shout,59
judy,59
molly,59
sensation,59
swan,59
cub,59
integer,58
inspect,58
sinai,58
cottage,58
gunpowder,58
spooky,58
proverb,58
woodbridge,58
vaccine,58
phonics,58
practise,58
aesop,58
virtue,58
greenhouse,58
subcontinent,58
tin,58
wrist,58
boo,58
tan,58
sprint,57
swallow,57
tumble,57
arabian,57
papa,57
whistle,57
electromagnetic,57
oakville,57
pony,57
toad,57
lighter,57
quake,57
unexpected,57
planetary,57
glasgow,57
linear,57
spacecraft,57
omar,57
oasis,57
glenn,57
eruption,56
barn,56
sleepy,56
analog,56
nutritional,56
insulin,56
nutcracker,56
hormone,56
jurassic,56
malik,56
vegetarian,56
sol,56
jung,56
firefighter,56
patty,56
herd,56
hamburger,56
timothy,56
enrich,56
posture,55
impairment,55
biscuit,55
kilometre,55
periodical,55
cavity,55
dimensional,55
daddy,55
prehistoric,55
salute,55
skate,55
spite,55
aristotle,55
mud,55
nederland,55
confidential,55
hemisphere,55
crab,55
conquest,55
folklore,55
randy,54
trillion,54
spirituality,54
carnegie,54
flea,54
overweight,54
bethany,54
johanna,54
burrow,54
powerpoint,54
crater,54
depart,54
metropolitan,54
goodbye,54
revenge,54
meditation,54
approximate,54
compass,53
terminate,53
holland,53
forge,53
dino,53
haman,53
brady,53
scooby,53
neat,53
detector,53
crawl,53
disposition,53
mama,53
cardinal,53
fifteen,53
dactyl,53
intensity,53
spur,53
duke,53
penn,53
tracker,53
tina,53
cindy,53
nicolas,53
giraffe,53
cowboy,52
violet,52
pebble,52
cosmos,52
tame,52
kangaroo,52
geophysical,52
helper,52
unhappy,52
hummingbird,52
compost,52
welsh,52
jeffrey,52
profession,52
slideshow,52
kidnap,52
patricia,52
gustave,52
sibling,52
ion,52
pear,52
girlfriend,52
picchu,52
departure,52
descend,52
suppress,52
acute,52
bark,52
homeless,52
mock,52
headphone,51
salmon,51
fawkes,51
blitz,51
metre,51
rhino,51
amphibian,51
puppet,51
ricky,51
westminster,51
nickelodeon,51
germ,51
slap,51
verbal,51
pardon,51
raven,51
ignorance,51
innocent,51
mania,51
lamp,51
distraction,51
harrison,51
cosmic,51
relaxation,51
flock,51
remainder,51
topper,50
andersen,50
yogurt,50
rectangle,50
preface,50
liver,50
bargain,50
shrub,50
gingerbread,50
dome,50
greta,50
juvenile,50
storytelling,50
annoy,50
beverly,50
cole,50
rename,50
authoritarian,50
jade,50
melody,50
salary,50
tortoise,50
wallpaper,50
stag,50
tragic,50
maxim,49
spreadsheet,49
sunrise,49
cinderella,49
kindness,49
impeachment,49
willy,49
cough,49
esa,49
lil,49
homer,49
attic,49
leeds,49
crook,49
nonsense,49
licence,49
pointer,49
passive,49
imagery,49
pleasant,49
flare,48
geo,48
tub,48
unicorn,48
quark,48
urine,48
vibration,48
calf,48
machu,48
nod,48
bacon,48
doom,48
humorous,48
prose,48
quarterly,48
teenage,48
lynn,48
springfield,48
laughter,48
hitler,48
erosion,48
mathematician,48
stevens,47
twentieth,47
geoffrey,47
receiver,47
ultraviolet,47
burial,47
synopsis,47
teammate,47
cemetery,47
nair,47
calculus,47
swell,47
lily,47
freak,47
plymouth,47
tristan,47
savage,47
nativity,47
photographic,47
widow,47
wyoming,47
napoleon,47
relieve,47
frighten,47
monterey,47
anton,47
liam,47
willow,46
lap,46
acrobat,46
harassment,46
frustration,46
prejudice,46
cage,46
birdie,46
viii,46
asleep,46
blake,46
beard,46
anthropology,46
jenny,46
sammy,46
primer,46
bun,46
swamp,46
reel,46
sig,46
titan,46
sensory,46
activism,46
minecraft,45
paddy,45
babe,45
flashlight,45
grasshopper,45
goodness,45
peep,45
glen,45
mare,45
crest,45
carriage,45
drake,45
hector,45
avatar,45
thirteen,45
diplomacy,45
tunnel,45
poppy,45
lou,45
mason,45
composite,45
rag,45
bennett,45
martian,45
elimination,44
ping,44
pup,44
kerala,44
behavioral,44
maggie,44
delaware,44
conservatory,44
structural,44
minneapolis,44
confine,44
indoors,44
waterfront,44
stair,44
buckle,44
dragonfly,44
topography,44
seabird,44
ark,44
injection,44
firearm,44
therapeutic,44
pea,44
caffeine,44
impair,44
gossip,44
fragile,44
orion,44
ukrainian,44
bracket,44
faithful,44
tot,44
archaeological,44
sidewalk,44
baldwin,44
bros,44
dictatorship,44
deaf,44
vector,44
toast,43
unequal,43
charleston,43
tricky,43
dividend,43
mpg,43
horrible,43
wee,43
tudor,43
shuffle,43
fertile,43
disturb,43
lyrical,43
harmony,43
siege,43
judaism,43
mattel,43
cylinder,43
shepherd,43
prehistory,43
protective,43
schwartz,43
pluto,43
vain,43
brasil,43
skinny,42
hay,42
pinch,42
solitaire,42
royce,42
mug,42
acceleration,42
sideline,42
barley,42
secretariat,42
dee,42
camouflage,42
sid,42
geometric,42
neuroscience,42
nominee,42
stereotype,42
addictive,42
dub,42
bonnie,41
britannica,41
handmade,41
tigger,41
nicotine,41
bullet,41
sticky,41
lamb,41
pointe,41
inca,41
sparrow,41
fisherman,41
avery,41
cookbook,41
holocaust,41
confess,41
pancake,41
roundtable,41
analytical,41
rational,41
bishop,41
stunt,41
pharma,41
rash,40
pinball,40
badger,40
mustang,40
dart,40
grandpa,40
andes,40
brewer,40
flap,40
ssc,40
recur,40
exterior,40
dull,40
corona,40
jerome,40
stellar,40
blossom,40
dumb,40
miranda,40
caller,39
supper,39
katie,39
sunflower,39
bald,39
microscopy,39
medalist,39
prenatal,39
gymnastics,39
celestial,39
romanian,39
brett,39
straw,39
lander,39
township,39
stave,39
stalk,39
yell,39
radioactive,39
inexpensive,39
superheroes,39
entre,39
midwest,39
creepy,39
feeder,39
plural,39
alley,39
ascend,39
lava,38
gorilla,38
mediation,38
waist,38
acorn,38
quilt,38
fdic,38
enrichment,38
legume,38
kidoons,38
fraser,38
absorption,38
allergen,38
doyle,38
weasel,38
turnout,38
biosphere,38
caesar,38
superstar,38
crescent,38
tolerance,38
stevenson,38
parody,38
amber,38
parrot,38
pasta,38
resistant,38
salmonella,38
prophet,38
cara,38
inheritance,38
hungarian,37
liquor,37
lighthouse,37
lullaby,37
babbage,37
leftover,37
yummy,37
cocaine,37
paw,37
buster,37
powell,37
intolerance,37
aladdin,37
crocodile,37
solver,37
waterloo,37
scripture,37
profound,37
shockwave,37
ida,37
eva,37
rourke,37
salem,37
humour,37
shave,37
nur,37
tally,37
frontline,37
betty,36
improper,36
parental,36
compliment,36
jog,36
clenbuterol,36
volcanism,36
hinduism,36
cunningham,36
shareware,36
rhode,36
entrepreneurship,36
crescendo,36
dorothy,36
cynthia,36
mommy,36
christine,36
gardener,36
bachelor,36
multicultural,36
tyrannosaurus,36
elmo,36
deficiency,35
clipper,35
neptune,35
pokemon,35
plaster,35
vaccination,35
treehouse,35
disguise,35
hedge,35
oatmeal,35
grader,35
fractal,35
fatty,35
chem,35
tartan,35
snowy,35
maize,35
protector,35
veterinary,35
diaper,35
fetal,35
heath,35
spit,35
umbrella,35
chung,35
uncommon,35
alison,35
uncomfortable,35
alberta,35
webcast,35
sixty,35
cradle,35
ariel,35
inquire,35
hierarchy,35
gandhi,34
retrieval,34
alzheimer,34
kinder,34
suburb,34
handout,34
twain,34
coyote,34
apron,34
seismic,34
playhouse,34
rochester,34
discourse,34
infinite,34
biographical,34
hugo,34
winston,34
splice,34
mer,34
cactus,34
syndicate,34
wwii,34
fog,34
tucker,34
austen,33
fahrenheit,33
sausage,33
salvation,33
cholesterol,33
quantitative,33
invertebrate,33
twinkle,33
hallucinogen,33
lowland,33
parkinson,33
supplementary,33
embryo,33
hammond,33
secrecy,33
papier,33
mache,33
enamel,33
jingle,33
deduct,33
flora,33
ballroom,33
cooke,33
etiquette,33
jenkins,33
norton,33
anime,33
xmas,32
thou,32
puff,32
pinky,32
compression,32
cardiovascular,32
vedic,32
triangular,32
parenthesis,32
cobbler,32
cha,32
ale,32
syllabus,32
irregular,32
ole,32
mend,32
transcription,32
enlarge,32
divert,32
awkward,32
tex,32
lars,32
ala,32
propulsion,32
nautical,32
slug,31
sixteen,31
homeschooling,31
trumpet,31
objection,31
lithographica,31
cretaceous,31
alligator,31
carbohydrate,31
hastings,31
cgi,31
julius,31
hoop,31
iris,31
nina,31
accelerator,31
johannes,31
montgomery,31
poe,31
playful,31
biochemistry,31
geologist,31
fireplace,31
chaser,31
capitol,31
benchmark,31
pollute,31
honesty,31
readable,31
panini,30
carton,30
gown,30
sow,30
limerick,30
veterinarian,30
fluffy,30
gopher,30
sunspot,30
brighton,30
freebie,30
breeder,30
taxonomy,30
strep,30
lark,30
efl,30
robber,30
hanger,30
foolish,30
maid,30
dolly,30
irvine,30
converge,30
rotten,30
substantially,30
gallon,30
granny,30
daisy,30
surrey,30
freeware,30
hum,30
timer,30
abby,30
bonnet,30
rug,30
toon,29
pasadena,29
fairytale,29
biotechnology,29
peppermint,29
shear,29
barber,29
pistol,29
loma,29
deere,29
muskrat,29
dressup,29
dora,29
fir,29
pinocchio,29
samson,29
rosetta,29
moses,29
messy,29
horseback,29
covert,29
premature,29
visualize,29
blender,29
penetrate,29
vanish,29
coolest,29
brien,29
savannah,29
majesty,29
rot,29
etexts,29
gamma,29
visualization,29
sonic,29
hobbyist,29
equate,28
assassination,28
calcium,28
foodborne,28
dca,28
blindness,28
aero,28
yukon,28
morton,28
starchild,28
prek,28
mortimer,28
syllable,28
gale,28
davy,28
ruby,28
imax,28
coke,28
gothic,28
ferdinand,28
automaton,28
clyde,28
crib,27
ell,27
diabetic,27
stressful,27
ounce,27
huntington,27
briton,27
cryptogram,27
chimney,27
mild,27
dover,27
decode,27
kindly,27
chipmunk,27
chimpanzee,27
additive,27
stimulant,27
raccoon,27
lockheed,27
himalayan,27
ladybug,27
campfire,27
margery,27
thornton,27
palette,27
macy,27
goa,27
bollywood,27
galileo,27
aunt,27
cognition,27
happily,27
hog,27
treason,27
croatian,27
soluble,27
carmel,27
hamster,27
sodium,27
descriptive,27
nineteenth,27
jen,27
kelley,27
wilde,27
koala,27
jumper,26
ymca,26
slovak,26
anxious,26
complementary,26
evergreen,26
watermelon,26
fiddle,26
imitate,26
sling,26
bradford,26
biome,26
critter,26
mlk,26
incense,26
sadness,26
fairbanks,26
otto,26
pixar,26
percussion,26
diagonal,26
reuse,26
bombay,26
hardy,26
thy,26
aloud,26
imaginary,26
richter,26
brightly,26
saddle,26
neal,26
cybersecurity,26
roadside,26
toolbox,26
sundance,26
gild,26
tucson,26
informational,26
plaque,26
belle,26
pascal,25
orphan,25
snuff,25
fauna,25
mischief,25
nonfiction,25
liter,25
rgb,25
rodent,25
comma,25
hallow,25
hoffman,25
printout,25
itch,25
pint,25
mordechai,25
wordfind,25
taj,25
diploma,25
landowner,25
hen,25
uranus,25
schooner,25
celsius,25
gravitational,25
gre,25
squat,25
jules,25
skyscraper,25
madame,25
exposition,25
eater,25
thigh,25
ammunition,25
sutton,25
abundant,25
mack,25
baffle,25
jeanne,25
fireman,25
bulgarian,25
payne,25
yankee,25
pharmacist,25
marilyn,25
mansfield,25
devotional,24
sperm,24
bipolar,24
kettle,24
loft,24
caucasus,24
miserable,24
remnant,24
disappointment,24
origami,24
conrad,24
symmetry,24
taffy,24
caillou,24
ferret,24
hypersonic,24
marjorie,24
temperate,24
aeronautics,24
augusta,24
poisonous,24
brightness,24
osiris,24
solstice,24
constance,24
bilingual,24
ramble,24
cern,24
ucla,24
walton,24
sniff,24
fetch,24
perl,24
rogue,24
shipwreck,24
oat,24
mayan,24
takeover,24
mediaeval,24
paula,24
soy,23
kilogram,23
enzyme,23
amelia,23
spinal,23
anaphylaxis,23
gretel,23
pollen,23
freestyle,23
anagram,23
jpl,23
exponent,23
woodworking,23
winchester,23
roo,23
lcd,23
vertebrate,23
bamboo,23
everglades,23
broom,23
sled,23
paleontology,23
celt,23
manatee,23
kinetic,23
honeymoon,23
duel,23
babylonian,23
basque,23
dreamtime,23
racket,23
helix,23
gaga,23
olga,23
muscular,23
maori,23
scotia,23
labrador,23
perennial,23
pitcher,23
coronation,23
magpie,23
chestnut,23
zinc,22
grassland,22
wordsearch,22
fluoride,22
depressant,22
childcare,22
flake,22
abdul,22
censure,22
pee,22
goliath,22
cartography,22
wand,22
neutron,22
hansel,22
piglet,22
terrier,22
tundra,22
yuri,22
macedonian,22
dyson,22
nucleus,22
gloria,22
mistress,22
oswald,22
infinity,22
cock,22
ramirez,22
ninety,22
contradiction,22
kurt,22
denial,22
mutation,22
salsa,22
gigi,22
frankie,22
sap,22
mover,22
informatics,22
proton,22
safest,22
qualitative,22
bandwidth,22
equestrian,22
gemini,22
fourteen,22
hex,22
purse,22
eyewitness,22
willie,22
larva,22
unpack,22
doorway,22
mite,21
legged,21
eleventh,21
serbian,21
mississauga,21
homestead,21
windy,21
clockwise,21
brigade,21
torah,21
wavelength,21
perimeter,21
hanoi,21
damsel,21
crusade,21
cabbage,21
picts,21
squanto,21
mesozoic,21
diddle,21
eeyore,21
shipyard,21
parasite,21
lovelace,21
sneeze,21
epoch,21
paleontologist,21
cbbc,21
tectonics,21
climatology,21
excavation,21
bowel,21
lambert,21
agra,21
horus,21
finnish,21
sylvia,21
conqueror,21
chime,21
lad,21
immersion,21
hara,21
apparatus,21
rivera,21
rectangular,21
equinox,21
nemo,21
brunswick,21
doodle,21
jug,21
awhile,21
eighty,21
camden,21
surname,21
harriet,21
playtime,21
pastel,21
firefighting,21
vomit,20
quart,20
arthritis,20
auditory,20
kaleidoscope,20
centimeter,20
pickle,20
dim,20
unlucky,20
compulsive,20
quarrel,20
rusty,20
epilepsy,20
likelihood,20
rad,20
stegosaurus,20
paddington,20
mahal,20
hieroglyphic,20
rudolph,20
baa,20
slipper,20
negro,20
dickens,20
connell,20
clap,20
horace,20
woo,20
fargo,20
toxin,20
inevitable,20
dylan,20
catcher,20
extraterrestrial,20
acro,20
shelton,20
steward,20
typo,20
unpredictable,20
borneo,20
pompeii,20
adventurer,20
displacement,20
swag,20
manitoba,20
twister,20
mast,20
waterfall,20
rubric,20
belarusian,20
guelph,19
pediatrics,19
monoxide,19
myplate,19
orchard,19
inhale,19
scavenger,19
ethanol,19
zigzag,19
weep,19
dawson,19
reflex,19
whittier,19
bronzeville,19
dumbo,19
triceratops,19
rader,19
fulani,19
typhoon,19
albuquerque,19
softball,19
kuiper,19
dci,19
funk,19
sphinx,19
goblin,19
mig,19
eighteen,19
hamlet,19
thrust,19
receptor,19
synagogue,19
storyteller,19
baton,19
algonquin,19
apex,19
whiskey,19
grim,19
buff,19
xico,19
tiki,19
spear,19
marvelous,19
harrow,19
acne,18
rejoice,18
fortify,18
cyberbullying,18
sheikh,18
shoreline,18
bianca,18
bonfire,18
cataract,18
itchy,18
robertson,18
irrational,18
greedy,18
grunt,18
falsehood,18
coe,18
heraldry,18
ned,18
scoubidou,18
denominator,18
cyan,18
mink,18
juliet,18
mann,18
jolly,18
gemma,18
panther,18
dalton,18
carnivore,18
cleopatra,18
skit,18
helpline,18
dinos,18
backgammon,18
weston,18
fearful,18
hereditary,18
metropolis,18
manga,18
muddy,18
biennial,18
velociraptor,18
weblog,18
catalan,18
suitor,18
gland,17
trimester,17
gospel,17
discontent,17
bib,17
miscarriage,17
overeat,17
toothbrush,17
lateral,17
hoo,17
conan,17
stealth,17
diwali,17
zumba,17
nanny,17
jealousy,17
utmost,17
encyclopaedia,17
shovel,17
zodiac,17
marianne,17
disco,17
fetus,17
tangram,17
rake,17
dingo,17
reddy,17
herdsman,17
carnivorous,17
aish,17
storytime,17
timekeeping,17
thrice,17
dipper,17
sanford,17
homeschoolers,17
arturo,17
shoemaker,17
zoological,17
landsat,17
savanna,17
polly,17
tolstoy,17
peggy,17
behold,17
promenade,17
eclectic,17
archeology,17
deficient,17
moo,17
fluorescent,17
toothpaste,17
sprawl,17
ghat,17
nan,17
newfoundland,17
relocate,17
gmat,17
shampoo,17
sonny,17
idle,17
saratoga,17
heroin,17
chernobyl,17
phi,17
queer,17
eighteenth,17
gotham,17
churn,17
cheerlead,17
majestic,17
molasses,16
sikh,16
mound,16
converse,16
skunk,16
tonne,16
psychiatrist,16
bison,16
dystrophy,16
allergist,16
fortnight,16
nectar,16
mule,16
funbrain,16
deciduous,16
bantu,16
playscript,16
apatosaurus,16
newbery,16
gerbil,16
mischievous,16
verne,16
magi,16
isotope,16
tut,16
humpback,16
hodgson,16
mitten,16
changeling,16
fungi,16
economical,16
technicolor,16
claudia,16
pilate,16
tgn,16
twirl,16
macromedia,16
howler,16
inverse,16
cultura,16
prohibition,16
caltech,16
tomas,16
chromosome,16
finite,16
bristow,16
erica,16
epicenter,16
teapot,16
shortlist,16
greenfield,16
stingray,16
fairfield,16
quadrant,16
edith,15
subtropical,15
peacock,15
hazmat,15
mariner,15
shellfish,15
minnie,15
ramsey,15
intoxicate,15
herr,15
shelley,15
retriever,15
floss,15
hillside,15
firefly,15
ibd,15
thermometer,15
tonsil,15
puddle,15
domesday,15
baskerville,15
percula,15
furby,15
louse,15
tanamakoon,15
jig,15
eliza,15
cervantes,15
zoology,15
neutrino,15
breadth,15
eliot,15
elk,15
kingsley,15
darkest,15
sinister,15
rosenberg,15
eminent,15
clump,15
adulthood,15
logan,15
persistence,15
typography,15
jeu,15
pied,15
ville,15
confer,15
metadata,15
cob,15
edmond,15
nifty,15
elsie,15
ogre,15
continuation,15
meteorite,15
northeastern,15
parkway,15
leafy,15
lyre,15
hush,15
circumference,15
piet,15
orca,15
fallout,15
glucose,15
rooster,14
eared,14
brock,14
betsy,14
thrush,14
haired,14
burglar,14
cheerful,14
gmo,14
graze,14
daffy,14
scarlet,14
sedimentary,14
kristine,14
discrete,14
lymphoma,14
immunology,14
exhaustion,14
stool,14
palliative,14
doomsday,14
rapunzel,14
aftershock,14
antietam,14
trigonometry,14
rarest,14
cassidy,14
pixy,14
crustacean,14
cabot,14
photosynthesis,14
shove,14
drummer,14
burgess,14
hun,14
fright,14
usefulness,14
meg,14
heidi,14
diffuse,14
lame,14
intersect,14
abolition,14
expressionism,14
gait,14
procession,14
prism,14
babylon,14
mpeg,14
asd,14
pegasus,14
wink,14
cripple,14
garfield,14
biotech,14
maud,14
borough,14
tickle,14
burnett,14
magenta,14
tread,14
dissatisfy,14
landlord,14
runny,13
keepsake,13
bosnian,13
irritable,13
dunk,13
macaulay,13
parthenon,13
sumatran,13
louisa,13
gibbon,13
pollinator,13
spaghetti,13
ecards,13
contra,13
cramp,13
lunchtime,13
pus,13
schoolwork,13
hexagon,13
ballerina,13
horsemanship,13
magnetosphere,13
nana,13
humphrey,13
erskine,13
feudal,13
hallowe,13
triassic,13
broward,13
hieroglyph,13
eurasian,13
portsmouth,13
sutra,13
sine,13
experiential,13
glyph,13
lowell,13
jenner,13
baba,13
stonewall,13
slick,13
leah,13
char,13
dutchman,13
excavate,13
isa,13
mach,13
crispr,13
hoover,13
screensavers,13
seaside,13
bethlehem,13
bristle,13
bartlett,13
improv,13
concierge,13
coo,13
cigar,13
pandora,13
encino,13
sem,13
misspell,12
skeletal,12
pert,12
wren,12
dusty,12
judaica,12
reich,12
ovulation,12
farrell,12
nervosa,12
loneliness,12
hectare,12
anaphylactic,12
libro,12
tween,12
milken,12
bugle,12
alfy,12
redkid,12
milkweed,12
bratz,12
topex,12
technic,12
straus,12
woodbine,12
roost,12
shipbuilding,12
gcse,12
keyboarding,12
magellan,12
gryphon,12
comrade,12
copernicus,12
sickle,12
alcoholic,12
agnes,12
ghoul,12
nic,12
bellow,12
bierstadt,12
waltz,12
multilingual,12
lea,12
genetically,12
gag,12
bonner,12
goggle,12
workspace,12
gil,12
joyful,12
clover,12
breton,12
coefficient,12
manipulative,12
martyr,12
vertically,12
outgrow,12
bookshop,12
upstream,12
adp,12
leicester,12
sudbury,12
guido,12
hexadecimal,11
giza,11
lightbulb,11
ding,11
rhea,11
cuckoo,11
mayflower,11
tweens,11
barnaby,11
eardrum,11
salivary,11
sbi,11
thar,11
duchenne,11
colonist,11
fewing,11
andros,11
squigly,11
lowercase,11
goldilocks,11
glencoe,11
athropolis,11
numbernut,11
panchatantra,11
touwtjes,11
norbert,11
nino,11
rna,11
twas,11
sweetheart,11
sasha,11
jest,11
medallion,11
thoreau,11
kung,11
yorke,11
bunt,11
mora,11
carmen,11
webmail,11
handicraft,11
cdrom,11
nobility,11
redmond,11
greensboro,11
radius,11
adverb,11
runaway,11
kodak,11
nutshell,11
gta,11
feline,11
columbian,11
thirst,11
venom,11
sightsee,11
welt,11
wilt,11
possum,11
trot,11
icelandic,11
frontpage,11
livingstone,11
putnam,11
daycare,11
screensaver,11
quicken,11
huntsville,11
plow,11
boyle,10
espanol,10
ecotourism,10
kilauea,10
vanderbilt,10
angler,10
alistair,10
ling,10
radioactivity,10
evanston,10
ohm,10
hierarchical,10
genomic,10
aptitude,10
repellent,10
antibody,10
lillian,10
snowboard,10
wheeze,10
grapefruit,10
kopp,10
roble,10
ethel,10
parallelogram,10
mucus,10
luminous,10
dimdima,10
iguanodon,10
sixpence,10
cochlea,10
shel,10
esol,10
rarotonga,10
magma,10
peckville,10
coolmath,10
manda,10
ict,10
supernova,10
embryology,10
hydrosphere,10
refdesk,10
lyra,10
feudalism,10
gloucester,10
egyptology,10
burr,10
maltese,10
jquery,10
naughty,10
abd,10
tenue,10
strife,10
prometheus,10
smack,10
kris,10
mclean,10
regroup,10
nimble,10
attila,10
particulier,10
aye,10
snip,10
abusive,10
alcoholism,10
pansy,10
coventry,10
divisibility,10
divisible,10
goldberg,10
chord,10
porky,10
cavern,10
tit,10
medley,10
whoop,10
bremen,10
fullerton,10
elm,10
foo,10
irritate,10
emory,10
cygnus,10
phoebe,9
lsd,9
activites,9
duster,9
whisker,9
quaternary,9
goalkeeper,9
galactic,9
geophysics,9
circumpolar,9
rutland,9
gita,9
clot,9
booze,9
fibrosis,9
ree,9
eczema,9
quotient,9
ephemera,9
lactose,9
horticulture,9
placenta,9
kilo,9
jaipur,9
curly,9
vase,9
colossus,9
achashverosh,9
ecard,9
parasaurolophus,9
smokeless,9
ocelot,9
pocahontas,9
lepidoptera,9
meow,9
conductive,9
vaca,9
icdl,9
wnet,9
hopeless,9
haney,9
beany,9
nineteen,9
gagarin,9
ort,9
diversion,9
vinson,9
mollusk,9
weevil,9
didi,9
nell,9
romano,9
bessie,9
datebook,9
cady,9
arundel,9
libros,9
berg,9
moines,9
rem,9
poseidon,9
borealis,9
marquis,9
ashoka,9
pong,9
cunning,9
arduino,9
brampton,9
reciprocal,9
exotics,9
malice,9
bram,9
analogue,9
endpoint,9
albright,9
gaston,9
kepler,9
ellsworth,9
wombat,9
neve,9
platypus,9
jumbo,9
litre,9
exclamation,9
cbi,9
barre,8
xvii,8
synonymes,8
lincolnshire,8
sikhism,8
silverstein,8
asiatic,8
plough,8
archeological,8
wadsworth,8
knopen,8
ripley,8
ambiente,8
isometric,8
smc,8
pecos,8
dink,8
antimicrobial,8
longfellow,8
cbse,8
curd,8
anesthesia,8
fiberglass,8
dilation,8
steller,8
hahn,8
clement,8
hawker,8
dassault,8
sedgwick,8
usgenweb,8
obbl,8
millimetre,8
thinkuknow,8
perot,8
shan,8
dickory,8
cyberchase,8
syvum,8
shrek,8
audiologist,8
epinephrine,8
pleistocene,8
portia,8
orko,8
handkerchief,8
brainteaser,8
caper,8
cochlear,8
leda,8
bereave,8
accordion,8
beatty,8
fiance,8
nag,8
moritz,8
babylonia,8
superficial,8
mikael,8
bitty,8
supersonic,8
skew,8
koran,8
stork,8
gulliver,8
hirsch,8
wondrous,8
shaker,8
bookseller,8
brutus,8
elegy,8
smiley,8
relocation,8
kobe,8
olympus,8
liv,8
venn,8
sweetest,8
outwit,8
pussy,8
farber,8
disapprove,8
piggy,8
spore,8
manic,8
dyslexic,8
igneous,8
randolph,8
anemia,8
softly,8
epipen,8
gander,8
penicillin,8
inflammation,8
dumpling,8
squirt,8
bulimia,8
abdomen,8
flax,8
cancun,8
nunavut,8
angelica,8
aerodynamic,8
omnibus,8
littleton,8
afar,8
bpm,8
psalm,8
tomography,7
ceop,7
shamanism,7
sherwood,7
horner,7
alcott,7
botany,7
cystic,7
tycho,7
diffraction,7
connie,7
volcanology,7
hurtful,7
seashore,7
bab,7
craven,7
styrofoam,7
frenchman,7
crucible,7
shrewsbury,7
sweeper,7
flemish,7
dong,7
kitchener,7
astrophotography,7
polynomial,7
hamentaschen,7
megillah,7
konnected,7
northwood,7
futurekids,7
poisonhelp,7
australis,7
tapir,7
micscape,7
pupa,7
kidport,7
khayyam,7
topomania,7
outlier,7
wikihow,7
sask,7
meles,7
luk,7
boar,7
azeez,7
multiplier,7
iroquois,7
melinda,7
chrysalis,7
fiancee,7
appleseed,7
prachi,7
penpals,7
beanstalk,7
abacus,7
multiplicative,7
boughton,7
cartesian,7
hundredth,7
numberline,7
inhalant,7
wattson,7
kendall,7
banbury,7
slovene,7
bebe,7
personalization,7
friendliness,7
piper,7
remarry,7
theo,7
confinement,7
etruscan,7
evansville,7
impatient,7
destin,7
alexandre,7
triton,7
concurrent,7
decomposition,7
contrive,7
hasty,7
sod,7
tay,7
carvalho,7
visualise,7
otitis,7
dicky,7
niacin,7
saliva,7
bah,7
huff,7
sweaty,7
recipies,7
anorexia,7
schneider,7
modding,7
polygon,7
paintbrush,7
plainly,7
soybean,7
appleton,7
centimetre,7
vesuvius,7
pantomime,7
brainteasers,7
topology,7
typeface,7
sagittarius,6
rotational,6
tefl,6
vesta,6
ciencia,6
beatrix,6
newburyport,6
methuen,6
grech,6
cassiopeia,6
placemats,6
webquest,6
asymmetry,6
seismograph,6
warbirds,6
seahawks,6
mountaineer,6
rowley,6
hai,6
imperfect,6
oda,6
commend,6
pate,6
scranton,6
suzie,6
lifeguard,6
realaudio,6
belvedere,6
circulatory,6
rky,6
carrion,6
sfwa,6
norcross,6
kiwanis,6
subduction,6
tonawanda,6
etext,6
crusoe,6
wampanoag,6
ldraw,6
clod,6
alphabetize,6
greenleaf,6
omani,6
shevardnadze,6
hadrosaurus,6
papel,6
haddonfield,6
eek,6
welshman,6
leicestershire,6
adrenaline,6
swab,6
ligament,6
rhythmic,6
poplar,6
lymphatic,6
playroom,6
pteranodon,6
smartygames,6
vectorkids,6
pail,6
dalrymple,6
dally,6
decoupage,6
swerve,6
skillful,6
playa,6
unorthodox,6
cremation,6
cupid,6
minx,6
motley,6
hcl,6
ece,6
latch,6
gazetteer,6
piaget,6
shiva,6
preparatory,6
thebe,6
metaphorical,6
stairway,6
seventeen,6
caspar,6
bandit,6
afloat,6
tatter,6
collider,6
lafcadio,6
adjoin,6
eduard,6
rosy,6
northridge,6
dandy,6
eratosthenes,6
gri,6
hangover,6
ferris,6
deafness,6
crock,6
folic,6
pei,6
hemoglobin,6
neurology,6
univers,6
pang,6
hubbard,6
baboon,6
polka,6
patchwork,6
misty,6
conspire,6
implantation,6
teethe,6
buttercup,6
annabel,6
comical,6
mysore,6
icse,6
fertilization,6
mildew,6
westchester,6
gaim,6
neuropathy,6
tremor,6
tosca,6
latvian,6
platonic,6
milliliter,6
dah,6
equilateral,6
tessellation,6
spel,6
dingle,5
cryptology,5
marley,5
applicator,5
firth,5
flagstaff,5
teeny,5
rowland,5
cassini,5
georgie,5
exhale,5
olden,5
pelt,5
homophobia,5
woodson,5
rosario,5
suzhou,5
vocabulaire,5
baum,5
beaty,5
grail,5
wharf,5
baden,5
grammer,5
libby,5
mib,5
pollination,5
underrepresented,5
gretchen,5
dinah,5
ageism,5
sunbeam,5
estonian,5
lithuanian,5
roget,5
seismology,5
tangent,5
milligram,5
backwater,5
adjudge,5
disorderly,5
manger,5
vaganova,5
grahame,5
cottoncandy,5
advocare,5
auld,5
blacksmith,5
bronte,5
fcoj,5
badgerland,5
widjiitiwin,5
baloo,5
bluebeard,5
newsround,5
greenaway,5
sonoran,5
bombpop,5
foxtrot,5
hawass,5
runnymede,5
belmopan,5
buz,5
goregaon,5
winkle,5
crenshaw,5
antihistamine,5
stomachache,5
histamine,5
tinnitus,5
ossicle,5
rebus,5
insurrection,5
auntie,5
stepparent,5
dashiell,5
stu,5
campos,5
gpa,5
snowshoe,5
fanfare,5
micheal,5
cranny,5
comedic,5
yucatan,5
mildred,5
metis,5
leroux,5
hilda,5
beanie,5
norma,5
unruly,5
remedial,5
messiah,5
hine,5
heroine,5
exercice,5
coeur,5
visite,5
caprice,5
treble,5
oblong,5
quaker,5
milkmaid,5
groan,5
salud,5
contentment,5
riboflavin,5
neurofibromatosis,5
caries,5
coli,5
bulldog,5
cometh,5
rime,5
pug,5
osteoporosis,5
vertex,5
anker,5
theorem,5
snappy,5
methamphetamine,5
belgi,5
mab,5
interpolation,5
epson,5
chatroom,5
wwi,5
schoolers,5
fibonacci,5
mondial,5
nibble,5
carmichael,5
whey,5
wizarding,5
binomial,5
clarita,5
nippon,5
metamorphic,5
girly,5
earnest,5
massif,4
extinguisher,4
remediation,4
harpercollins,4
orrery,4
hopi,4
hmc,4
lcm,4
stoker,4
faustus,4
nourishment,4
photomicrography,4
botanist,4
ncert,4
flowery,4
doth,4
thereon,4
bhagavad,4
potpourri,4
octagon,4
gdt,4
awa,4
coon,4
flagpole,4
tesol,4
holstein,4
naught,4
macrame,4
stringer,4
isosceles,4
spinosaurus,4
daffodil,4
chopin,4
christiansen,4
quadrangle,4
hydrant,4
geografia,4
wharton,4
gsc,4
bahai,4
trigonometric,4
deoxyribonucleic,4
centigrade,4
fws,4
lithosphere,4
syne,4
stowe,4
chivalry,4
overwinter,4
canis,4
microangela,4
speirs,4
andheri,4
tabby,4
sharm,4
jazzybluedance,4
goalkeeping,4
taiga,4
doberman,4
colouration,4
malden,4
mcquesten,4
anasazi,4
babysitting,4
biowar,4
veracity,4
talktalk,4
clydebank,4
taba,4
kodakgirl,4
rigoletto,4
nefertari,4
puget,4
bandage,4
huntsman,4
inquisitive,4
sandiego,4
calloway,4
gatorade,4
sultanoff,4
fdny,4
creche,4
pinscher,4
fingerplays,4
nellie,4
grampa,4
kanga,4
splint,4
allosaurus,4
coloringbook,4
digimon,4
glaciation,4
biddington,4
aliang,4
canter,4
schweizer,4
gallant,4
patrimoine,4
weblogs,4
vagabond,4
zines,4
helene,4
starlink,4
dapple,4
jukebox,4
luv,4
calypso,4
bonne,4
cerveau,4
biff,4
sewell,4
sundry,4
yuko,4
dryden,4
maison,4
higgs,4
felton,4
danau,4
addams,4
africanus,4
nessie,4
sabbath,4
colorize,4
wanda,4
spotty,4
gradation,4
fleck,4
sicilian,4
uterus,4
enfield,4
dehydrate,4
sash,4
scotch,4
raggedy,4
gyn,4
toothache,4
hobson,4
cookery,4
bunyan,4
harpy,4
comstock,4
neurobiology,4
dfw,4
firehouse,4
gooding,4
trollope,4
duma,4
kira,4
oblique,4
squarepants,4
visitation,4
argumentative,4
saurus,4
timmy,4
yeager,4
ingalls,4
acetaminophen,4
dch,4
urticaria,4
moorhead,4
quadrilateral,4
annabelle,4
politeness,4
mange,4
playmate,3
dcm,3
aileen,3
electroweak,3
crumple,3
redecorate,3
linden,3
privateer,3
kanagawa,3
scorpio,3
nervousness,3
skilling,3
cosine,3
perspiration,3
howells,3
oberon,3
africana,3
clemens,3
simpleton,3
incan,3
expository,3
aries,3
cataclysmic,3
dob,3
quasar,3
numerator,3
trig,3
fieldtrips,3
hadron,3
hyperion,3
landry,3
bearskin,3
swineherd,3
ossd,3
cervone,3
defoe,3
beecher,3
fernandes,3
phobos,3
charon,3
longmeadow,3
seismicity,3
ashore,3
ketchikan,3
odayin,3
cayo,3
wolof,3
jahan,3
mastromedia,3
bremec,3
caledonians,3
amun,3
pizarro,3
gimme,3
tizzy,3
gloster,3
sanrio,3
sensorineural,3
earplug,3
henrietta,3
windham,3
polyhedron,3
stony,3
quadrille,3
mamma,3
audiologists,3
winky,3
gouna,3
scuff,3
tearful,3
daw,3
stieglitz,3
swallowtail,3
martel,3
hark,3
seussville,3
downer,3
tesl,3
paleobiology,3
bombpops,3
dressage,3
hydroponics,3
timezones,3
nesbit,3
seismologist,3
conquistador,3
sitenfant,3
clothespin,3
alphabites,3
titania,3
addax,3
familia,3
megillat,3
fyodor,3
aipl,3
camarasaurus,3
ankylosaurus,3
hcf,3
dandelion,3
pura,3
wordfinds,3
sandman,3
gaussian,3
obbliq,3
pippin,3
heft,3
thousandth,3
sonics,3
dce,3
howto,3
rube,3
cluck,3
pentagonal,3
sweetwater,3
truetype,3
dil,3
puck,3
illustr,3
trompe,3
wok,3
ordinal,3
hatshepsut,3
enfants,3
dodgson,3
edutainment,3
pythagoras,3
pria,3
trimestre,3
morte,3
precocious,3
coleridge,3
civility,3
lhc,3
cosmonaut,3
concave,3
mollie,3
cherie,3
boldness,3
custer,3
yeung,3
countenance,3
jobson,3
tram,3
goldenrod,3
jib,3
bennington,3
ives,3
weddell,3
eagan,3
whitbread,3
kimi,3
malayan,3
gamification,3
mathilde,3
marfan,3
pyridoxine,3
vindication,3
marl,3
deductive,3
drub,3
minuet,3
grundy,3
coronado,3
deca,3
wail,3
smarties,3
lancer,3
ellipse,3
kala,3
corticosteroid,3
tiptoe,3
tangerine,3
biotin,3
pantothenic,3
sieve,3
booby,3
rejuvenation,3
humana,2
honorably,2
pitty,2
argentinean,2
hamelin,2
bewitch,2
gaol,2
concentric,2
wouldn,2
inducement,2
gallo,2
spellaroo,2
enchantment,2
pinna,2
gatos,2
dickery,2
turnip,2
bunnie,2
grouchy,2
factorization,2
gingivitis,2
semicircle,2
missus,2
hypo,2
polecanthus,2
zephyr,2
elasmosaurus,2
muttaburrasaurus,2
ornithomimus,2
dimetrodon,2
comminute,2
greenstick,2
kafe,2
congruent,2
juguetes,2
histogram,2
dilly,2
bumpkin,2
antifreeze,2
emblazon,2
chitin,2
hyperventilate,2
blockhead,2
terrafly,2
rous,2
drogas,2
moebius,2
wigwam,2
becket,2
poultice,2
macomb,2
wollstonecraft,2
gastrulation,2
sett,2
skokie,2
hobdy,2
dung,2
dcuk,2
foulkii,2
rabaul,2
cheops,2
caliph,2
menkaure,2
jamboree,2
riera,2
glbtqa,2
brahe,2
milly,2
apopka,2
mulberry,2
spyri,2
nene,2
msasoccercamps,2
intramurals,2
niota,2
ganymede,2
deimos,2
callisto,2
mimas,2
nereid,2
umbriel,2
iapetus,2
dione,2
tethys,2
enceladus,2
armbandjes,2
childe,2
fessenden,2
zelinsky,2
thimble,2
stereograms,2
gwinnett,2
vaishnava,2
mahabharat,2
nuweiba,2
makadi,2
hurghada,2
landholder,2
krakauer,2
cuzco,2
hopscotch,2
smut,2
bisect,2
chinchilla,2
frisbie,2
indira,2
haliburton,2
dodson,2
morey,2
imissmydad,2
marigold,2
quadratic,2
hypotenuse,2
weatherby,2
rumba,2
kiddy,2
eventing,2
kidlit,2
arachnid,2
muffet,2
prieta,2
tellusatale,2
perpendicular,2
prewriting,2
sachet,2
childen,2
punky,2
contar,2
dumpty,2
goosey,2
rhimes,2
rymes,2
nursry,2
blanca,2
studious,2
bashful,2
bhavan,2
nihon,2
tetrahedron,2
paperweight,2
seti,2
gaijin,2
vinculum,2
weeny,2
butch,2
magog,2
dunstan,2
gam,2
tranquilizer,2
porridge,2
categorical,2
amundsen,2
thalassemia,2
immunodeficiency,2
thiamin,2
zan,2
iop,2
autosomal,2
hemophilia,2
drudgery,2
seminole,2
puzles,2
merci,2
rhombus,2
brer,2
devoir,2
boson,2
judea,2
flaubert,2
calendario,2
midpoint,2
storekeeper,2
mcguffey,2
cmyk,2
swoon,2
changeable,2
ophelia,2
vod,2
diller,2
ipm,2
hsv,2
dunce,2
desarrollo,2
mercalli,2
cometary,2
childers,2
shay,2
freckle,2
whitianga,2
cmy,2
wordsearches,2
fay,2
hildegarde,2
activies,2
janus,2
brevard,2
deepavali,2
terrapin,2
sociable,2
lymphocyte,2
coimbatore,2
cervix,2
ectopic,2
jimmie,2
safekids,2
checkerboard,2
feathery,2
sleepaway,2
stratos,2
flipbook,2
duckling,2
hybridization,2
zipline,2
jovial,2
tuber,2
koponen,2
crewe,2
bandcamp,1
obtuse,1
codfish,1
associaton,1
hayley,1
petits,1
burnie,1
huck,1
deka,1
unselfish,1
tulum,1
prat,1
farthing,1
rosalind,1
unpatriotic,1
bozz,1
doody,1
cubeez,1
lohengrin,1
beanbag,1
treehousetv,1
sharky,1
chritmas,1
civilit,1
dreamsicles,1
otolaryngologist,1
lipread,1
earmuff,1
diddl,1
dickety,1
hickety,1
tiggy,1
snuffbox,1
pedlar,1
flopsy,1
icarly,1
kawaii,1
muskoka,1
typographer,1
pumkin,1
frisky,1
hayloft,1
amalthea,1
lancelot,1
extrication,1
ipne,1
indiebrag,1
fewell,1
skillstrainer,1
rheumatic,1
welephant,1
hatorah,1
purin,1
afterburner,1
toot,1
elfland,1
wittes,1
reptar,1
kaprov,1
shemitz,1
coloringpaintinggames,1
istd,1
ryann,1
saftey,1
nonobjective,1
kadeem,1
kindergartner,1
nurseryrhymes,1
divali,1
spca,1
briar,1
trespasser,1
commutative,1
goop,1
albino,1
glaciologist,1
milkman,1
bobbie,1
hallucination,1
protractor,1
dancey,1
vanda,1
cartouche,1
transgenic,1
chanukkah,1
khafre,1
siteseeing,1
cordillera,1
elibrary,1
patricio,1
gordo,1
sealion,1
sheipe,1
rosborough,1
trundle,1
shuttlecock,1
yixing,1
mugagga,1
goggs,1
mckendrick,1
nevado,1
vhp,1
jouets,1
brinquedos,1
tarjetas,1
spielzeug,1
vacaciones,1
toymaker,1
giocattoli,1
traviata,1
bonfirenight,1
duan,1
cabeza,1
dcw,1
woodcutter,1
nixie,1
rajah,1
boggart,1
mally,1
repentance,1
counterclockwise,1
wheal,1
fiddler,1
meltwater,1
liesl,1
domesdaybook,1
helle,1
bary,1
cenozoic,1
rashtrapati,1
dhamma,1
katabatic,1
tivaivai,1
bandy,1
cabana,1
jap,1
mammy,1
rajastan,1
hospitably,1
tutankhamen,1
bonny,1
straggler,1
pendick,1
humpty,1
winkie,1
nickjr,1
wilmette,1
polycystic,1
hemochromatosis,1
pku,1
phenylketonuria,1
vostok,1
orthopedics,1
colourcode,1
greiving,1
bereavment,1
lamplighter,1
wtju,1
kristula,1
neatness,1
hairline,1
elt,1
cobalamine,1
fffbi,1
farmyard,1
topsail,1
reevaluation,1
fumigant,1
rodenticides,1
biopesticides,1
merrie,1
dander,1
tyrannosaur,1
dibujos,1
larissa,1
panov,1
sleutelhangers,1
snoertjes,1
vriendschapsbandjes,1
musclor,1
morn,1
pichincha,1
guagua,1
pinatubo,1
zena,1
weedkiller,1
nkb,1
etowah,1
precalculus,1
musee,1
leidy,1
argali,1
jaguarundi,1
roly,1
seismogram,1
foreshock,1
sonali,1
auriga,1
quai,1
susy,1
soules,1
cordelia,1
barnstable,1
plexippus,1
editha,1
tchekhov,1
rostand,1
alateen,1
fenimore,1
scoutmaster,1
scouter,1
mirth,1
coprolite,1
meio,1
dostoevsky,1
dplex,1
bawson,1
despina,1
weenie,1
awar,1
popups,1
ludes,1
mortify,1
contrivance,1
associative,1
virgina,1
ahd,1
proteus,1
pythagorean,1
decahedron,1
dodecahedron,1
octahedron,1
denslow,1
redbreast,1
crony,1
yogic,1
alergic,1
teenie,1
snooze,1
buckskin,1
cuboid,1
babs,1
awsome,1
galatea,1
whipper,1
humaine,1
judaic,1
recessive,1
sallie,1
penpal,1
prodigious,1
naissance,1
sabot,1
instar,1
coplanar,1
quoth,1
geocoding,1
factorial,1
housetop,1
kozak,1
kmh,1
wordplay,1
ditto,1
faries,1
hartshorne,1
rubaiyat,1
quadrillion,1
polynya,1
explosivity,1
vei,1
icecore,1
hsl,1
lass,1
pulsar,1
naca,1
marit,1
otolaryngology,1
grocott,1
epimetheus,1
galilean,1
cerebro,1
spanoudis,1
crosswalk,1
cressida,1
zayn,1
wynken,1
baillie,1
cutts,1
isolda,1
citv,1
councilor,1
bartz,1
bretton,1
atahualpa,1
provost,1
backgrounder,1
dietician,1
onyx,1
hsc,1
gpr,1
courtoisie,1
admittance,1
cerrado,1
pbh,1
